,"admit","gender","dept"
0,1.0,0.0,0
1,1.0,0.0,0
2,1.0,0.0,0
3,1.0,0.0,0
4,1.0,0.0,0
5,1.0,0.0,0
6,1.0,0.0,0
7,1.0,0.0,0
8,1.0,0.0,0
9,1.0,0.0,0
10,1.0,0.0,0
11,1.0,0.0,0
12,1.0,0.0,0
13,1.0,0.0,0
14,1.0,0.0,0
15,1.0,0.0,0
16,1.0,0.0,0
17,1.0,0.0,0
18,1.0,0.0,0
19,1.0,0.0,0
20,1.0,0.0,0
21,1.0,0.0,0
22,1.0,0.0,0
23,1.0,0.0,0
24,1.0,0.0,0
25,1.0,0.0,0
26,1.0,0.0,0
27,1.0,0.0,0
28,1.0,0.0,0
29,1.0,0.0,0
30,1.0,0.0,0
31,1.0,0.0,0
32,1.0,0.0,0
33,1.0,0.0,0
34,1.0,0.0,0
35,1.0,0.0,0
36,1.0,0.0,0
37,1.0,0.0,0
38,1.0,0.0,0
39,1.0,0.0,0
40,1.0,0.0,0
41,1.0,0.0,0
42,1.0,0.0,0
43,1.0,0.0,0
44,1.0,0.0,0
45,1.0,0.0,0
46,1.0,0.0,0
47,1.0,0.0,0
48,1.0,0.0,0
49,1.0,0.0,0
50,1.0,0.0,0
51,1.0,0.0,0
52,1.0,0.0,0
53,1.0,0.0,0
54,1.0,0.0,0
55,1.0,0.0,0
56,1.0,0.0,0
57,1.0,0.0,0
58,1.0,0.0,0
59,1.0,0.0,0
60,1.0,0.0,0
61,1.0,0.0,0
62,1.0,0.0,0
63,1.0,0.0,0
64,1.0,0.0,0
65,1.0,0.0,0
66,1.0,0.0,0
67,1.0,0.0,0
68,1.0,0.0,0
69,1.0,0.0,0
70,1.0,0.0,0
71,1.0,0.0,0
72,1.0,0.0,0
73,1.0,0.0,0
74,1.0,0.0,0
75,1.0,0.0,0
76,1.0,0.0,0
77,1.0,0.0,0
78,1.0,0.0,0
79,1.0,0.0,0
80,1.0,0.0,0
81,1.0,0.0,0
82,1.0,0.0,0
83,1.0,0.0,0
84,1.0,0.0,0
85,1.0,0.0,0
86,1.0,0.0,0
87,1.0,0.0,0
88,1.0,0.0,0
89,1.0,0.0,0
90,1.0,0.0,0
91,1.0,0.0,0
92,1.0,0.0,0
93,1.0,0.0,0
94,1.0,0.0,0
95,1.0,0.0,0
96,1.0,0.0,0
97,1.0,0.0,0
98,1.0,0.0,0
99,1.0,0.0,0
100,1.0,0.0,0
101,1.0,0.0,0
102,1.0,0.0,0
103,1.0,0.0,0
104,1.0,0.0,0
105,1.0,0.0,0
106,1.0,0.0,0
107,1.0,0.0,0
108,1.0,0.0,0
109,1.0,0.0,0
110,1.0,0.0,0
111,1.0,0.0,0
112,1.0,0.0,0
113,1.0,0.0,0
114,1.0,0.0,0
115,1.0,0.0,0
116,1.0,0.0,0
117,1.0,0.0,0
118,1.0,0.0,0
119,1.0,0.0,0
120,1.0,0.0,0
121,1.0,0.0,0
122,1.0,0.0,0
123,1.0,0.0,0
124,1.0,0.0,0
125,1.0,0.0,0
126,1.0,0.0,0
127,1.0,0.0,0
128,1.0,0.0,0
129,1.0,0.0,0
130,1.0,0.0,0
131,1.0,0.0,0
132,1.0,0.0,0
133,1.0,0.0,0
134,1.0,0.0,0
135,1.0,0.0,0
136,1.0,0.0,0
137,1.0,0.0,0
138,1.0,0.0,0
139,1.0,0.0,0
140,1.0,0.0,0
141,1.0,0.0,0
142,1.0,0.0,0
143,1.0,0.0,0
144,1.0,0.0,0
145,1.0,0.0,0
146,1.0,0.0,0
147,1.0,0.0,0
148,1.0,0.0,0
149,1.0,0.0,0
150,1.0,0.0,0
151,1.0,0.0,0
152,1.0,0.0,0
153,1.0,0.0,0
154,1.0,0.0,0
155,1.0,0.0,0
156,1.0,0.0,0
157,1.0,0.0,0
158,1.0,0.0,0
159,1.0,0.0,0
160,1.0,0.0,0
161,1.0,0.0,0
162,1.0,0.0,0
163,1.0,0.0,0
164,1.0,0.0,0
165,1.0,0.0,0
166,1.0,0.0,0
167,1.0,0.0,0
168,1.0,0.0,0
169,1.0,0.0,0
170,1.0,0.0,0
171,1.0,0.0,0
172,1.0,0.0,0
173,1.0,0.0,0
174,1.0,0.0,0
175,1.0,0.0,0
176,1.0,0.0,0
177,1.0,0.0,0
178,1.0,0.0,0
179,1.0,0.0,0
180,1.0,0.0,0
181,1.0,0.0,0
182,1.0,0.0,0
183,1.0,0.0,0
184,1.0,0.0,0
185,1.0,0.0,0
186,1.0,0.0,0
187,1.0,0.0,0
188,1.0,0.0,0
189,1.0,0.0,0
190,1.0,0.0,0
191,1.0,0.0,0
192,1.0,0.0,0
193,1.0,0.0,0
194,1.0,0.0,0
195,1.0,0.0,0
196,1.0,0.0,0
197,1.0,0.0,0
198,1.0,0.0,0
199,1.0,0.0,0
200,1.0,0.0,0
201,1.0,0.0,0
202,1.0,0.0,0
203,1.0,0.0,0
204,1.0,0.0,0
205,1.0,0.0,0
206,1.0,0.0,0
207,1.0,0.0,0
208,1.0,0.0,0
209,1.0,0.0,0
210,1.0,0.0,0
211,1.0,0.0,0
212,1.0,0.0,0
213,1.0,0.0,0
214,1.0,0.0,0
215,1.0,0.0,0
216,1.0,0.0,0
217,1.0,0.0,0
218,1.0,0.0,0
219,1.0,0.0,0
220,1.0,0.0,0
221,1.0,0.0,0
222,1.0,0.0,0
223,1.0,0.0,0
224,1.0,0.0,0
225,1.0,0.0,0
226,1.0,0.0,0
227,1.0,0.0,0
228,1.0,0.0,0
229,1.0,0.0,0
230,1.0,0.0,0
231,1.0,0.0,0
232,1.0,0.0,0
233,1.0,0.0,0
234,1.0,0.0,0
235,1.0,0.0,0
236,1.0,0.0,0
237,1.0,0.0,0
238,1.0,0.0,0
239,1.0,0.0,0
240,1.0,0.0,0
241,1.0,0.0,0
242,1.0,0.0,0
243,1.0,0.0,0
244,1.0,0.0,0
245,1.0,0.0,0
246,1.0,0.0,0
247,1.0,0.0,0
248,1.0,0.0,0
249,1.0,0.0,0
250,1.0,0.0,0
251,1.0,0.0,0
252,1.0,0.0,0
253,1.0,0.0,0
254,1.0,0.0,0
255,1.0,0.0,0
256,1.0,0.0,0
257,1.0,0.0,0
258,1.0,0.0,0
259,1.0,0.0,0
260,1.0,0.0,0
261,1.0,0.0,0
262,1.0,0.0,0
263,1.0,0.0,0
264,1.0,0.0,0
265,1.0,0.0,0
266,1.0,0.0,0
267,1.0,0.0,0
268,1.0,0.0,0
269,1.0,0.0,0
270,1.0,0.0,0
271,1.0,0.0,0
272,1.0,0.0,0
273,1.0,0.0,0
274,1.0,0.0,0
275,1.0,0.0,0
276,1.0,0.0,0
277,1.0,0.0,0
278,1.0,0.0,0
279,1.0,0.0,0
280,1.0,0.0,0
281,1.0,0.0,0
282,1.0,0.0,0
283,1.0,0.0,0
284,1.0,0.0,0
285,1.0,0.0,0
286,1.0,0.0,0
287,1.0,0.0,0
288,1.0,0.0,0
289,1.0,0.0,0
290,1.0,0.0,0
291,1.0,0.0,0
292,1.0,0.0,0
293,1.0,0.0,0
294,1.0,0.0,0
295,1.0,0.0,0
296,1.0,0.0,0
297,1.0,0.0,0
298,1.0,0.0,0
299,1.0,0.0,0
300,1.0,0.0,0
301,1.0,0.0,0
302,1.0,0.0,0
303,1.0,0.0,0
304,1.0,0.0,0
305,1.0,0.0,0
306,1.0,0.0,0
307,1.0,0.0,0
308,1.0,0.0,0
309,1.0,0.0,0
310,1.0,0.0,0
311,1.0,0.0,0
312,1.0,0.0,0
313,1.0,0.0,0
314,1.0,0.0,0
315,1.0,0.0,0
316,1.0,0.0,0
317,1.0,0.0,0
318,1.0,0.0,0
319,1.0,0.0,0
320,1.0,0.0,0
321,1.0,0.0,0
322,1.0,0.0,0
323,1.0,0.0,0
324,1.0,0.0,0
325,1.0,0.0,0
326,1.0,0.0,0
327,1.0,0.0,0
328,1.0,0.0,0
329,1.0,0.0,0
330,1.0,0.0,0
331,1.0,0.0,0
332,1.0,0.0,0
333,1.0,0.0,0
334,1.0,0.0,0
335,1.0,0.0,0
336,1.0,0.0,0
337,1.0,0.0,0
338,1.0,0.0,0
339,1.0,0.0,0
340,1.0,0.0,0
341,1.0,0.0,0
342,1.0,0.0,0
343,1.0,0.0,0
344,1.0,0.0,0
345,1.0,0.0,0
346,1.0,0.0,0
347,1.0,0.0,0
348,1.0,0.0,0
349,1.0,0.0,0
350,1.0,0.0,0
351,1.0,0.0,0
352,1.0,0.0,0
353,1.0,0.0,0
354,1.0,0.0,0
355,1.0,0.0,0
356,1.0,0.0,0
357,1.0,0.0,0
358,1.0,0.0,0
359,1.0,0.0,0
360,1.0,0.0,0
361,1.0,0.0,0
362,1.0,0.0,0
363,1.0,0.0,0
364,1.0,0.0,0
365,1.0,0.0,0
366,1.0,0.0,0
367,1.0,0.0,0
368,1.0,0.0,0
369,1.0,0.0,0
370,1.0,0.0,0
371,1.0,0.0,0
372,1.0,0.0,0
373,1.0,0.0,0
374,1.0,0.0,0
375,1.0,0.0,0
376,1.0,0.0,0
377,1.0,0.0,0
378,1.0,0.0,0
379,1.0,0.0,0
380,1.0,0.0,0
381,1.0,0.0,0
382,1.0,0.0,0
383,1.0,0.0,0
384,1.0,0.0,0
385,1.0,0.0,0
386,1.0,0.0,0
387,1.0,0.0,0
388,1.0,0.0,0
389,1.0,0.0,0
390,1.0,0.0,0
391,1.0,0.0,0
392,1.0,0.0,0
393,1.0,0.0,0
394,1.0,0.0,0
395,1.0,0.0,0
396,1.0,0.0,0
397,1.0,0.0,0
398,1.0,0.0,0
399,1.0,0.0,0
400,1.0,0.0,0
401,1.0,0.0,0
402,1.0,0.0,0
403,1.0,0.0,0
404,1.0,0.0,0
405,1.0,0.0,0
406,1.0,0.0,0
407,1.0,0.0,0
408,1.0,0.0,0
409,1.0,0.0,0
410,1.0,0.0,0
411,1.0,0.0,0
412,1.0,0.0,0
413,1.0,0.0,0
414,1.0,0.0,0
415,1.0,0.0,0
416,1.0,0.0,0
417,1.0,0.0,0
418,1.0,0.0,0
419,1.0,0.0,0
420,1.0,0.0,0
421,1.0,0.0,0
422,1.0,0.0,0
423,1.0,0.0,0
424,1.0,0.0,0
425,1.0,0.0,0
426,1.0,0.0,0
427,1.0,0.0,0
428,1.0,0.0,0
429,1.0,0.0,0
430,1.0,0.0,0
431,1.0,0.0,0
432,1.0,0.0,0
433,1.0,0.0,0
434,1.0,0.0,0
435,1.0,0.0,0
436,1.0,0.0,0
437,1.0,0.0,0
438,1.0,0.0,0
439,1.0,0.0,0
440,1.0,0.0,0
441,1.0,0.0,0
442,1.0,0.0,0
443,1.0,0.0,0
444,1.0,0.0,0
445,1.0,0.0,0
446,1.0,0.0,0
447,1.0,0.0,0
448,1.0,0.0,0
449,1.0,0.0,0
450,1.0,0.0,0
451,1.0,0.0,0
452,1.0,0.0,0
453,1.0,0.0,0
454,1.0,0.0,0
455,1.0,0.0,0
456,1.0,0.0,0
457,1.0,0.0,0
458,1.0,0.0,0
459,1.0,0.0,0
460,1.0,0.0,0
461,1.0,0.0,0
462,1.0,0.0,0
463,1.0,0.0,0
464,1.0,0.0,0
465,1.0,0.0,0
466,1.0,0.0,0
467,1.0,0.0,0
468,1.0,0.0,0
469,1.0,0.0,0
470,1.0,0.0,0
471,1.0,0.0,0
472,1.0,0.0,0
473,1.0,0.0,0
474,1.0,0.0,0
475,1.0,0.0,0
476,1.0,0.0,0
477,1.0,0.0,0
478,1.0,0.0,0
479,1.0,0.0,0
480,1.0,0.0,0
481,1.0,0.0,0
482,1.0,0.0,0
483,1.0,0.0,0
484,1.0,0.0,0
485,1.0,0.0,0
486,1.0,0.0,0
487,1.0,0.0,0
488,1.0,0.0,0
489,1.0,0.0,0
490,1.0,0.0,0
491,1.0,0.0,0
492,1.0,0.0,0
493,1.0,0.0,0
494,1.0,0.0,0
495,1.0,0.0,0
496,1.0,0.0,0
497,1.0,0.0,0
498,1.0,0.0,0
499,1.0,0.0,0
500,1.0,0.0,0
501,1.0,0.0,0
502,1.0,0.0,0
503,1.0,0.0,0
504,1.0,0.0,0
505,1.0,0.0,0
506,1.0,0.0,0
507,1.0,0.0,0
508,1.0,0.0,0
509,1.0,0.0,0
510,1.0,0.0,0
511,1.0,0.0,0
512,0.0,0.0,0
513,0.0,0.0,0
514,0.0,0.0,0
515,0.0,0.0,0
516,0.0,0.0,0
517,0.0,0.0,0
518,0.0,0.0,0
519,0.0,0.0,0
520,0.0,0.0,0
521,0.0,0.0,0
522,0.0,0.0,0
523,0.0,0.0,0
524,0.0,0.0,0
525,0.0,0.0,0
526,0.0,0.0,0
527,0.0,0.0,0
528,0.0,0.0,0
529,0.0,0.0,0
530,0.0,0.0,0
531,0.0,0.0,0
532,0.0,0.0,0
533,0.0,0.0,0
534,0.0,0.0,0
535,0.0,0.0,0
536,0.0,0.0,0
537,0.0,0.0,0
538,0.0,0.0,0
539,0.0,0.0,0
540,0.0,0.0,0
541,0.0,0.0,0
542,0.0,0.0,0
543,0.0,0.0,0
544,0.0,0.0,0
545,0.0,0.0,0
546,0.0,0.0,0
547,0.0,0.0,0
548,0.0,0.0,0
549,0.0,0.0,0
550,0.0,0.0,0
551,0.0,0.0,0
552,0.0,0.0,0
553,0.0,0.0,0
554,0.0,0.0,0
555,0.0,0.0,0
556,0.0,0.0,0
557,0.0,0.0,0
558,0.0,0.0,0
559,0.0,0.0,0
560,0.0,0.0,0
561,0.0,0.0,0
562,0.0,0.0,0
563,0.0,0.0,0
564,0.0,0.0,0
565,0.0,0.0,0
566,0.0,0.0,0
567,0.0,0.0,0
568,0.0,0.0,0
569,0.0,0.0,0
570,0.0,0.0,0
571,0.0,0.0,0
572,0.0,0.0,0
573,0.0,0.0,0
574,0.0,0.0,0
575,0.0,0.0,0
576,0.0,0.0,0
577,0.0,0.0,0
578,0.0,0.0,0
579,0.0,0.0,0
580,0.0,0.0,0
581,0.0,0.0,0
582,0.0,0.0,0
583,0.0,0.0,0
584,0.0,0.0,0
585,0.0,0.0,0
586,0.0,0.0,0
587,0.0,0.0,0
588,0.0,0.0,0
589,0.0,0.0,0
590,0.0,0.0,0
591,0.0,0.0,0
592,0.0,0.0,0
593,0.0,0.0,0
594,0.0,0.0,0
595,0.0,0.0,0
596,0.0,0.0,0
597,0.0,0.0,0
598,0.0,0.0,0
599,0.0,0.0,0
600,0.0,0.0,0
601,0.0,0.0,0
602,0.0,0.0,0
603,0.0,0.0,0
604,0.0,0.0,0
605,0.0,0.0,0
606,0.0,0.0,0
607,0.0,0.0,0
608,0.0,0.0,0
609,0.0,0.0,0
610,0.0,0.0,0
611,0.0,0.0,0
612,0.0,0.0,0
613,0.0,0.0,0
614,0.0,0.0,0
615,0.0,0.0,0
616,0.0,0.0,0
617,0.0,0.0,0
618,0.0,0.0,0
619,0.0,0.0,0
620,0.0,0.0,0
621,0.0,0.0,0
622,0.0,0.0,0
623,0.0,0.0,0
624,0.0,0.0,0
625,0.0,0.0,0
626,0.0,0.0,0
627,0.0,0.0,0
628,0.0,0.0,0
629,0.0,0.0,0
630,0.0,0.0,0
631,0.0,0.0,0
632,0.0,0.0,0
633,0.0,0.0,0
634,0.0,0.0,0
635,0.0,0.0,0
636,0.0,0.0,0
637,0.0,0.0,0
638,0.0,0.0,0
639,0.0,0.0,0
640,0.0,0.0,0
641,0.0,0.0,0
642,0.0,0.0,0
643,0.0,0.0,0
644,0.0,0.0,0
645,0.0,0.0,0
646,0.0,0.0,0
647,0.0,0.0,0
648,0.0,0.0,0
649,0.0,0.0,0
650,0.0,0.0,0
651,0.0,0.0,0
652,0.0,0.0,0
653,0.0,0.0,0
654,0.0,0.0,0
655,0.0,0.0,0
656,0.0,0.0,0
657,0.0,0.0,0
658,0.0,0.0,0
659,0.0,0.0,0
660,0.0,0.0,0
661,0.0,0.0,0
662,0.0,0.0,0
663,0.0,0.0,0
664,0.0,0.0,0
665,0.0,0.0,0
666,0.0,0.0,0
667,0.0,0.0,0
668,0.0,0.0,0
669,0.0,0.0,0
670,0.0,0.0,0
671,0.0,0.0,0
672,0.0,0.0,0
673,0.0,0.0,0
674,0.0,0.0,0
675,0.0,0.0,0
676,0.0,0.0,0
677,0.0,0.0,0
678,0.0,0.0,0
679,0.0,0.0,0
680,0.0,0.0,0
681,0.0,0.0,0
682,0.0,0.0,0
683,0.0,0.0,0
684,0.0,0.0,0
685,0.0,0.0,0
686,0.0,0.0,0
687,0.0,0.0,0
688,0.0,0.0,0
689,0.0,0.0,0
690,0.0,0.0,0
691,0.0,0.0,0
692,0.0,0.0,0
693,0.0,0.0,0
694,0.0,0.0,0
695,0.0,0.0,0
696,0.0,0.0,0
697,0.0,0.0,0
698,0.0,0.0,0
699,0.0,0.0,0
700,0.0,0.0,0
701,0.0,0.0,0
702,0.0,0.0,0
703,0.0,0.0,0
704,0.0,0.0,0
705,0.0,0.0,0
706,0.0,0.0,0
707,0.0,0.0,0
708,0.0,0.0,0
709,0.0,0.0,0
710,0.0,0.0,0
711,0.0,0.0,0
712,0.0,0.0,0
713,0.0,0.0,0
714,0.0,0.0,0
715,0.0,0.0,0
716,0.0,0.0,0
717,0.0,0.0,0
718,0.0,0.0,0
719,0.0,0.0,0
720,0.0,0.0,0
721,0.0,0.0,0
722,0.0,0.0,0
723,0.0,0.0,0
724,0.0,0.0,0
725,0.0,0.0,0
726,0.0,0.0,0
727,0.0,0.0,0
728,0.0,0.0,0
729,0.0,0.0,0
730,0.0,0.0,0
731,0.0,0.0,0
732,0.0,0.0,0
733,0.0,0.0,0
734,0.0,0.0,0
735,0.0,0.0,0
736,0.0,0.0,0
737,0.0,0.0,0
738,0.0,0.0,0
739,0.0,0.0,0
740,0.0,0.0,0
741,0.0,0.0,0
742,0.0,0.0,0
743,0.0,0.0,0
744,0.0,0.0,0
745,0.0,0.0,0
746,0.0,0.0,0
747,0.0,0.0,0
748,0.0,0.0,0
749,0.0,0.0,0
750,0.0,0.0,0
751,0.0,0.0,0
752,0.0,0.0,0
753,0.0,0.0,0
754,0.0,0.0,0
755,0.0,0.0,0
756,0.0,0.0,0
757,0.0,0.0,0
758,0.0,0.0,0
759,0.0,0.0,0
760,0.0,0.0,0
761,0.0,0.0,0
762,0.0,0.0,0
763,0.0,0.0,0
764,0.0,0.0,0
765,0.0,0.0,0
766,0.0,0.0,0
767,0.0,0.0,0
768,0.0,0.0,0
769,0.0,0.0,0
770,0.0,0.0,0
771,0.0,0.0,0
772,0.0,0.0,0
773,0.0,0.0,0
774,0.0,0.0,0
775,0.0,0.0,0
776,0.0,0.0,0
777,0.0,0.0,0
778,0.0,0.0,0
779,0.0,0.0,0
780,0.0,0.0,0
781,0.0,0.0,0
782,0.0,0.0,0
783,0.0,0.0,0
784,0.0,0.0,0
785,0.0,0.0,0
786,0.0,0.0,0
787,0.0,0.0,0
788,0.0,0.0,0
789,0.0,0.0,0
790,0.0,0.0,0
791,0.0,0.0,0
792,0.0,0.0,0
793,0.0,0.0,0
794,0.0,0.0,0
795,0.0,0.0,0
796,0.0,0.0,0
797,0.0,0.0,0
798,0.0,0.0,0
799,0.0,0.0,0
800,0.0,0.0,0
801,0.0,0.0,0
802,0.0,0.0,0
803,0.0,0.0,0
804,0.0,0.0,0
805,0.0,0.0,0
806,0.0,0.0,0
807,0.0,0.0,0
808,0.0,0.0,0
809,0.0,0.0,0
810,0.0,0.0,0
811,0.0,0.0,0
812,0.0,0.0,0
813,0.0,0.0,0
814,0.0,0.0,0
815,0.0,0.0,0
816,0.0,0.0,0
817,0.0,0.0,0
818,0.0,0.0,0
819,0.0,0.0,0
820,0.0,0.0,0
821,0.0,0.0,0
822,0.0,0.0,0
823,0.0,0.0,0
824,0.0,0.0,0
825,1.0,1.0,0
826,1.0,1.0,0
827,1.0,1.0,0
828,1.0,1.0,0
829,1.0,1.0,0
830,1.0,1.0,0
831,1.0,1.0,0
832,1.0,1.0,0
833,1.0,1.0,0
834,1.0,1.0,0
835,1.0,1.0,0
836,1.0,1.0,0
837,1.0,1.0,0
838,1.0,1.0,0
839,1.0,1.0,0
840,1.0,1.0,0
841,1.0,1.0,0
842,1.0,1.0,0
843,1.0,1.0,0
844,1.0,1.0,0
845,1.0,1.0,0
846,1.0,1.0,0
847,1.0,1.0,0
848,1.0,1.0,0
849,1.0,1.0,0
850,1.0,1.0,0
851,1.0,1.0,0
852,1.0,1.0,0
853,1.0,1.0,0
854,1.0,1.0,0
855,1.0,1.0,0
856,1.0,1.0,0
857,1.0,1.0,0
858,1.0,1.0,0
859,1.0,1.0,0
860,1.0,1.0,0
861,1.0,1.0,0
862,1.0,1.0,0
863,1.0,1.0,0
864,1.0,1.0,0
865,1.0,1.0,0
866,1.0,1.0,0
867,1.0,1.0,0
868,1.0,1.0,0
869,1.0,1.0,0
870,1.0,1.0,0
871,1.0,1.0,0
872,1.0,1.0,0
873,1.0,1.0,0
874,1.0,1.0,0
875,1.0,1.0,0
876,1.0,1.0,0
877,1.0,1.0,0
878,1.0,1.0,0
879,1.0,1.0,0
880,1.0,1.0,0
881,1.0,1.0,0
882,1.0,1.0,0
883,1.0,1.0,0
884,1.0,1.0,0
885,1.0,1.0,0
886,1.0,1.0,0
887,1.0,1.0,0
888,1.0,1.0,0
889,1.0,1.0,0
890,1.0,1.0,0
891,1.0,1.0,0
892,1.0,1.0,0
893,1.0,1.0,0
894,1.0,1.0,0
895,1.0,1.0,0
896,1.0,1.0,0
897,1.0,1.0,0
898,1.0,1.0,0
899,1.0,1.0,0
900,1.0,1.0,0
901,1.0,1.0,0
902,1.0,1.0,0
903,1.0,1.0,0
904,1.0,1.0,0
905,1.0,1.0,0
906,1.0,1.0,0
907,1.0,1.0,0
908,1.0,1.0,0
909,1.0,1.0,0
910,1.0,1.0,0
911,1.0,1.0,0
912,1.0,1.0,0
913,1.0,1.0,0
914,0.0,1.0,0
915,0.0,1.0,0
916,0.0,1.0,0
917,0.0,1.0,0
918,0.0,1.0,0
919,0.0,1.0,0
920,0.0,1.0,0
921,0.0,1.0,0
922,0.0,1.0,0
923,0.0,1.0,0
924,0.0,1.0,0
925,0.0,1.0,0
926,0.0,1.0,0
927,0.0,1.0,0
928,0.0,1.0,0
929,0.0,1.0,0
930,0.0,1.0,0
931,0.0,1.0,0
932,0.0,1.0,0
933,1.0,0.0,1
934,1.0,0.0,1
935,1.0,0.0,1
936,1.0,0.0,1
937,1.0,0.0,1
938,1.0,0.0,1
939,1.0,0.0,1
940,1.0,0.0,1
941,1.0,0.0,1
942,1.0,0.0,1
943,1.0,0.0,1
944,1.0,0.0,1
945,1.0,0.0,1
946,1.0,0.0,1
947,1.0,0.0,1
948,1.0,0.0,1
949,1.0,0.0,1
950,1.0,0.0,1
951,1.0,0.0,1
952,1.0,0.0,1
953,1.0,0.0,1
954,1.0,0.0,1
955,1.0,0.0,1
956,1.0,0.0,1
957,1.0,0.0,1
958,1.0,0.0,1
959,1.0,0.0,1
960,1.0,0.0,1
961,1.0,0.0,1
962,1.0,0.0,1
963,1.0,0.0,1
964,1.0,0.0,1
965,1.0,0.0,1
966,1.0,0.0,1
967,1.0,0.0,1
968,1.0,0.0,1
969,1.0,0.0,1
970,1.0,0.0,1
971,1.0,0.0,1
972,1.0,0.0,1
973,1.0,0.0,1
974,1.0,0.0,1
975,1.0,0.0,1
976,1.0,0.0,1
977,1.0,0.0,1
978,1.0,0.0,1
979,1.0,0.0,1
980,1.0,0.0,1
981,1.0,0.0,1
982,1.0,0.0,1
983,1.0,0.0,1
984,1.0,0.0,1
985,1.0,0.0,1
986,1.0,0.0,1
987,1.0,0.0,1
988,1.0,0.0,1
989,1.0,0.0,1
990,1.0,0.0,1
991,1.0,0.0,1
992,1.0,0.0,1
993,1.0,0.0,1
994,1.0,0.0,1
995,1.0,0.0,1
996,1.0,0.0,1
997,1.0,0.0,1
998,1.0,0.0,1
999,1.0,0.0,1
1000,1.0,0.0,1
1001,1.0,0.0,1
1002,1.0,0.0,1
1003,1.0,0.0,1
1004,1.0,0.0,1
1005,1.0,0.0,1
1006,1.0,0.0,1
1007,1.0,0.0,1
1008,1.0,0.0,1
1009,1.0,0.0,1
1010,1.0,0.0,1
1011,1.0,0.0,1
1012,1.0,0.0,1
1013,1.0,0.0,1
1014,1.0,0.0,1
1015,1.0,0.0,1
1016,1.0,0.0,1
1017,1.0,0.0,1
1018,1.0,0.0,1
1019,1.0,0.0,1
1020,1.0,0.0,1
1021,1.0,0.0,1
1022,1.0,0.0,1
1023,1.0,0.0,1
1024,1.0,0.0,1
1025,1.0,0.0,1
1026,1.0,0.0,1
1027,1.0,0.0,1
1028,1.0,0.0,1
1029,1.0,0.0,1
1030,1.0,0.0,1
1031,1.0,0.0,1
1032,1.0,0.0,1
1033,1.0,0.0,1
1034,1.0,0.0,1
1035,1.0,0.0,1
1036,1.0,0.0,1
1037,1.0,0.0,1
1038,1.0,0.0,1
1039,1.0,0.0,1
1040,1.0,0.0,1
1041,1.0,0.0,1
1042,1.0,0.0,1
1043,1.0,0.0,1
1044,1.0,0.0,1
1045,1.0,0.0,1
1046,1.0,0.0,1
1047,1.0,0.0,1
1048,1.0,0.0,1
1049,1.0,0.0,1
1050,1.0,0.0,1
1051,1.0,0.0,1
1052,1.0,0.0,1
1053,1.0,0.0,1
1054,1.0,0.0,1
1055,1.0,0.0,1
1056,1.0,0.0,1
1057,1.0,0.0,1
1058,1.0,0.0,1
1059,1.0,0.0,1
1060,1.0,0.0,1
1061,1.0,0.0,1
1062,1.0,0.0,1
1063,1.0,0.0,1
1064,1.0,0.0,1
1065,1.0,0.0,1
1066,1.0,0.0,1
1067,1.0,0.0,1
1068,1.0,0.0,1
1069,1.0,0.0,1
1070,1.0,0.0,1
1071,1.0,0.0,1
1072,1.0,0.0,1
1073,1.0,0.0,1
1074,1.0,0.0,1
1075,1.0,0.0,1
1076,1.0,0.0,1
1077,1.0,0.0,1
1078,1.0,0.0,1
1079,1.0,0.0,1
1080,1.0,0.0,1
1081,1.0,0.0,1
1082,1.0,0.0,1
1083,1.0,0.0,1
1084,1.0,0.0,1
1085,1.0,0.0,1
1086,1.0,0.0,1
1087,1.0,0.0,1
1088,1.0,0.0,1
1089,1.0,0.0,1
1090,1.0,0.0,1
1091,1.0,0.0,1
1092,1.0,0.0,1
1093,1.0,0.0,1
1094,1.0,0.0,1
1095,1.0,0.0,1
1096,1.0,0.0,1
1097,1.0,0.0,1
1098,1.0,0.0,1
1099,1.0,0.0,1
1100,1.0,0.0,1
1101,1.0,0.0,1
1102,1.0,0.0,1
1103,1.0,0.0,1
1104,1.0,0.0,1
1105,1.0,0.0,1
1106,1.0,0.0,1
1107,1.0,0.0,1
1108,1.0,0.0,1
1109,1.0,0.0,1
1110,1.0,0.0,1
1111,1.0,0.0,1
1112,1.0,0.0,1
1113,1.0,0.0,1
1114,1.0,0.0,1
1115,1.0,0.0,1
1116,1.0,0.0,1
1117,1.0,0.0,1
1118,1.0,0.0,1
1119,1.0,0.0,1
1120,1.0,0.0,1
1121,1.0,0.0,1
1122,1.0,0.0,1
1123,1.0,0.0,1
1124,1.0,0.0,1
1125,1.0,0.0,1
1126,1.0,0.0,1
1127,1.0,0.0,1
1128,1.0,0.0,1
1129,1.0,0.0,1
1130,1.0,0.0,1
1131,1.0,0.0,1
1132,1.0,0.0,1
1133,1.0,0.0,1
1134,1.0,0.0,1
1135,1.0,0.0,1
1136,1.0,0.0,1
1137,1.0,0.0,1
1138,1.0,0.0,1
1139,1.0,0.0,1
1140,1.0,0.0,1
1141,1.0,0.0,1
1142,1.0,0.0,1
1143,1.0,0.0,1
1144,1.0,0.0,1
1145,1.0,0.0,1
1146,1.0,0.0,1
1147,1.0,0.0,1
1148,1.0,0.0,1
1149,1.0,0.0,1
1150,1.0,0.0,1
1151,1.0,0.0,1
1152,1.0,0.0,1
1153,1.0,0.0,1
1154,1.0,0.0,1
1155,1.0,0.0,1
1156,1.0,0.0,1
1157,1.0,0.0,1
1158,1.0,0.0,1
1159,1.0,0.0,1
1160,1.0,0.0,1
1161,1.0,0.0,1
1162,1.0,0.0,1
1163,1.0,0.0,1
1164,1.0,0.0,1
1165,1.0,0.0,1
1166,1.0,0.0,1
1167,1.0,0.0,1
1168,1.0,0.0,1
1169,1.0,0.0,1
1170,1.0,0.0,1
1171,1.0,0.0,1
1172,1.0,0.0,1
1173,1.0,0.0,1
1174,1.0,0.0,1
1175,1.0,0.0,1
1176,1.0,0.0,1
1177,1.0,0.0,1
1178,1.0,0.0,1
1179,1.0,0.0,1
1180,1.0,0.0,1
1181,1.0,0.0,1
1182,1.0,0.0,1
1183,1.0,0.0,1
1184,1.0,0.0,1
1185,1.0,0.0,1
1186,1.0,0.0,1
1187,1.0,0.0,1
1188,1.0,0.0,1
1189,1.0,0.0,1
1190,1.0,0.0,1
1191,1.0,0.0,1
1192,1.0,0.0,1
1193,1.0,0.0,1
1194,1.0,0.0,1
1195,1.0,0.0,1
1196,1.0,0.0,1
1197,1.0,0.0,1
1198,1.0,0.0,1
1199,1.0,0.0,1
1200,1.0,0.0,1
1201,1.0,0.0,1
1202,1.0,0.0,1
1203,1.0,0.0,1
1204,1.0,0.0,1
1205,1.0,0.0,1
1206,1.0,0.0,1
1207,1.0,0.0,1
1208,1.0,0.0,1
1209,1.0,0.0,1
1210,1.0,0.0,1
1211,1.0,0.0,1
1212,1.0,0.0,1
1213,1.0,0.0,1
1214,1.0,0.0,1
1215,1.0,0.0,1
1216,1.0,0.0,1
1217,1.0,0.0,1
1218,1.0,0.0,1
1219,1.0,0.0,1
1220,1.0,0.0,1
1221,1.0,0.0,1
1222,1.0,0.0,1
1223,1.0,0.0,1
1224,1.0,0.0,1
1225,1.0,0.0,1
1226,1.0,0.0,1
1227,1.0,0.0,1
1228,1.0,0.0,1
1229,1.0,0.0,1
1230,1.0,0.0,1
1231,1.0,0.0,1
1232,1.0,0.0,1
1233,1.0,0.0,1
1234,1.0,0.0,1
1235,1.0,0.0,1
1236,1.0,0.0,1
1237,1.0,0.0,1
1238,1.0,0.0,1
1239,1.0,0.0,1
1240,1.0,0.0,1
1241,1.0,0.0,1
1242,1.0,0.0,1
1243,1.0,0.0,1
1244,1.0,0.0,1
1245,1.0,0.0,1
1246,1.0,0.0,1
1247,1.0,0.0,1
1248,1.0,0.0,1
1249,1.0,0.0,1
1250,1.0,0.0,1
1251,1.0,0.0,1
1252,1.0,0.0,1
1253,1.0,0.0,1
1254,1.0,0.0,1
1255,1.0,0.0,1
1256,1.0,0.0,1
1257,1.0,0.0,1
1258,1.0,0.0,1
1259,1.0,0.0,1
1260,1.0,0.0,1
1261,1.0,0.0,1
1262,1.0,0.0,1
1263,1.0,0.0,1
1264,1.0,0.0,1
1265,1.0,0.0,1
1266,1.0,0.0,1
1267,1.0,0.0,1
1268,1.0,0.0,1
1269,1.0,0.0,1
1270,1.0,0.0,1
1271,1.0,0.0,1
1272,1.0,0.0,1
1273,1.0,0.0,1
1274,1.0,0.0,1
1275,1.0,0.0,1
1276,1.0,0.0,1
1277,1.0,0.0,1
1278,1.0,0.0,1
1279,1.0,0.0,1
1280,1.0,0.0,1
1281,1.0,0.0,1
1282,1.0,0.0,1
1283,1.0,0.0,1
1284,1.0,0.0,1
1285,1.0,0.0,1
1286,0.0,0.0,1
1287,0.0,0.0,1
1288,0.0,0.0,1
1289,0.0,0.0,1
1290,0.0,0.0,1
1291,0.0,0.0,1
1292,0.0,0.0,1
1293,0.0,0.0,1
1294,0.0,0.0,1
1295,0.0,0.0,1
1296,0.0,0.0,1
1297,0.0,0.0,1
1298,0.0,0.0,1
1299,0.0,0.0,1
1300,0.0,0.0,1
1301,0.0,0.0,1
1302,0.0,0.0,1
1303,0.0,0.0,1
1304,0.0,0.0,1
1305,0.0,0.0,1
1306,0.0,0.0,1
1307,0.0,0.0,1
1308,0.0,0.0,1
1309,0.0,0.0,1
1310,0.0,0.0,1
1311,0.0,0.0,1
1312,0.0,0.0,1
1313,0.0,0.0,1
1314,0.0,0.0,1
1315,0.0,0.0,1
1316,0.0,0.0,1
1317,0.0,0.0,1
1318,0.0,0.0,1
1319,0.0,0.0,1
1320,0.0,0.0,1
1321,0.0,0.0,1
1322,0.0,0.0,1
1323,0.0,0.0,1
1324,0.0,0.0,1
1325,0.0,0.0,1
1326,0.0,0.0,1
1327,0.0,0.0,1
1328,0.0,0.0,1
1329,0.0,0.0,1
1330,0.0,0.0,1
1331,0.0,0.0,1
1332,0.0,0.0,1
1333,0.0,0.0,1
1334,0.0,0.0,1
1335,0.0,0.0,1
1336,0.0,0.0,1
1337,0.0,0.0,1
1338,0.0,0.0,1
1339,0.0,0.0,1
1340,0.0,0.0,1
1341,0.0,0.0,1
1342,0.0,0.0,1
1343,0.0,0.0,1
1344,0.0,0.0,1
1345,0.0,0.0,1
1346,0.0,0.0,1
1347,0.0,0.0,1
1348,0.0,0.0,1
1349,0.0,0.0,1
1350,0.0,0.0,1
1351,0.0,0.0,1
1352,0.0,0.0,1
1353,0.0,0.0,1
1354,0.0,0.0,1
1355,0.0,0.0,1
1356,0.0,0.0,1
1357,0.0,0.0,1
1358,0.0,0.0,1
1359,0.0,0.0,1
1360,0.0,0.0,1
1361,0.0,0.0,1
1362,0.0,0.0,1
1363,0.0,0.0,1
1364,0.0,0.0,1
1365,0.0,0.0,1
1366,0.0,0.0,1
1367,0.0,0.0,1
1368,0.0,0.0,1
1369,0.0,0.0,1
1370,0.0,0.0,1
1371,0.0,0.0,1
1372,0.0,0.0,1
1373,0.0,0.0,1
1374,0.0,0.0,1
1375,0.0,0.0,1
1376,0.0,0.0,1
1377,0.0,0.0,1
1378,0.0,0.0,1
1379,0.0,0.0,1
1380,0.0,0.0,1
1381,0.0,0.0,1
1382,0.0,0.0,1
1383,0.0,0.0,1
1384,0.0,0.0,1
1385,0.0,0.0,1
1386,0.0,0.0,1
1387,0.0,0.0,1
1388,0.0,0.0,1
1389,0.0,0.0,1
1390,0.0,0.0,1
1391,0.0,0.0,1
1392,0.0,0.0,1
1393,0.0,0.0,1
1394,0.0,0.0,1
1395,0.0,0.0,1
1396,0.0,0.0,1
1397,0.0,0.0,1
1398,0.0,0.0,1
1399,0.0,0.0,1
1400,0.0,0.0,1
1401,0.0,0.0,1
1402,0.0,0.0,1
1403,0.0,0.0,1
1404,0.0,0.0,1
1405,0.0,0.0,1
1406,0.0,0.0,1
1407,0.0,0.0,1
1408,0.0,0.0,1
1409,0.0,0.0,1
1410,0.0,0.0,1
1411,0.0,0.0,1
1412,0.0,0.0,1
1413,0.0,0.0,1
1414,0.0,0.0,1
1415,0.0,0.0,1
1416,0.0,0.0,1
1417,0.0,0.0,1
1418,0.0,0.0,1
1419,0.0,0.0,1
1420,0.0,0.0,1
1421,0.0,0.0,1
1422,0.0,0.0,1
1423,0.0,0.0,1
1424,0.0,0.0,1
1425,0.0,0.0,1
1426,0.0,0.0,1
1427,0.0,0.0,1
1428,0.0,0.0,1
1429,0.0,0.0,1
1430,0.0,0.0,1
1431,0.0,0.0,1
1432,0.0,0.0,1
1433,0.0,0.0,1
1434,0.0,0.0,1
1435,0.0,0.0,1
1436,0.0,0.0,1
1437,0.0,0.0,1
1438,0.0,0.0,1
1439,0.0,0.0,1
1440,0.0,0.0,1
1441,0.0,0.0,1
1442,0.0,0.0,1
1443,0.0,0.0,1
1444,0.0,0.0,1
1445,0.0,0.0,1
1446,0.0,0.0,1
1447,0.0,0.0,1
1448,0.0,0.0,1
1449,0.0,0.0,1
1450,0.0,0.0,1
1451,0.0,0.0,1
1452,0.0,0.0,1
1453,0.0,0.0,1
1454,0.0,0.0,1
1455,0.0,0.0,1
1456,0.0,0.0,1
1457,0.0,0.0,1
1458,0.0,0.0,1
1459,0.0,0.0,1
1460,0.0,0.0,1
1461,0.0,0.0,1
1462,0.0,0.0,1
1463,0.0,0.0,1
1464,0.0,0.0,1
1465,0.0,0.0,1
1466,0.0,0.0,1
1467,0.0,0.0,1
1468,0.0,0.0,1
1469,0.0,0.0,1
1470,0.0,0.0,1
1471,0.0,0.0,1
1472,0.0,0.0,1
1473,0.0,0.0,1
1474,0.0,0.0,1
1475,0.0,0.0,1
1476,0.0,0.0,1
1477,0.0,0.0,1
1478,0.0,0.0,1
1479,0.0,0.0,1
1480,0.0,0.0,1
1481,0.0,0.0,1
1482,0.0,0.0,1
1483,0.0,0.0,1
1484,0.0,0.0,1
1485,0.0,0.0,1
1486,0.0,0.0,1
1487,0.0,0.0,1
1488,0.0,0.0,1
1489,0.0,0.0,1
1490,0.0,0.0,1
1491,0.0,0.0,1
1492,0.0,0.0,1
1493,1.0,1.0,1
1494,1.0,1.0,1
1495,1.0,1.0,1
1496,1.0,1.0,1
1497,1.0,1.0,1
1498,1.0,1.0,1
1499,1.0,1.0,1
1500,1.0,1.0,1
1501,1.0,1.0,1
1502,1.0,1.0,1
1503,1.0,1.0,1
1504,1.0,1.0,1
1505,1.0,1.0,1
1506,1.0,1.0,1
1507,1.0,1.0,1
1508,1.0,1.0,1
1509,1.0,1.0,1
1510,0.0,1.0,1
1511,0.0,1.0,1
1512,0.0,1.0,1
1513,0.0,1.0,1
1514,0.0,1.0,1
1515,0.0,1.0,1
1516,0.0,1.0,1
1517,0.0,1.0,1
1518,1.0,0.0,2
1519,1.0,0.0,2
1520,1.0,0.0,2
1521,1.0,0.0,2
1522,1.0,0.0,2
1523,1.0,0.0,2
1524,1.0,0.0,2
1525,1.0,0.0,2
1526,1.0,0.0,2
1527,1.0,0.0,2
1528,1.0,0.0,2
1529,1.0,0.0,2
1530,1.0,0.0,2
1531,1.0,0.0,2
1532,1.0,0.0,2
1533,1.0,0.0,2
1534,1.0,0.0,2
1535,1.0,0.0,2
1536,1.0,0.0,2
1537,1.0,0.0,2
1538,1.0,0.0,2
1539,1.0,0.0,2
1540,1.0,0.0,2
1541,1.0,0.0,2
1542,1.0,0.0,2
1543,1.0,0.0,2
1544,1.0,0.0,2
1545,1.0,0.0,2
1546,1.0,0.0,2
1547,1.0,0.0,2
1548,1.0,0.0,2
1549,1.0,0.0,2
1550,1.0,0.0,2
1551,1.0,0.0,2
1552,1.0,0.0,2
1553,1.0,0.0,2
1554,1.0,0.0,2
1555,1.0,0.0,2
1556,1.0,0.0,2
1557,1.0,0.0,2
1558,1.0,0.0,2
1559,1.0,0.0,2
1560,1.0,0.0,2
1561,1.0,0.0,2
1562,1.0,0.0,2
1563,1.0,0.0,2
1564,1.0,0.0,2
1565,1.0,0.0,2
1566,1.0,0.0,2
1567,1.0,0.0,2
1568,1.0,0.0,2
1569,1.0,0.0,2
1570,1.0,0.0,2
1571,1.0,0.0,2
1572,1.0,0.0,2
1573,1.0,0.0,2
1574,1.0,0.0,2
1575,1.0,0.0,2
1576,1.0,0.0,2
1577,1.0,0.0,2
1578,1.0,0.0,2
1579,1.0,0.0,2
1580,1.0,0.0,2
1581,1.0,0.0,2
1582,1.0,0.0,2
1583,1.0,0.0,2
1584,1.0,0.0,2
1585,1.0,0.0,2
1586,1.0,0.0,2
1587,1.0,0.0,2
1588,1.0,0.0,2
1589,1.0,0.0,2
1590,1.0,0.0,2
1591,1.0,0.0,2
1592,1.0,0.0,2
1593,1.0,0.0,2
1594,1.0,0.0,2
1595,1.0,0.0,2
1596,1.0,0.0,2
1597,1.0,0.0,2
1598,1.0,0.0,2
1599,1.0,0.0,2
1600,1.0,0.0,2
1601,1.0,0.0,2
1602,1.0,0.0,2
1603,1.0,0.0,2
1604,1.0,0.0,2
1605,1.0,0.0,2
1606,1.0,0.0,2
1607,1.0,0.0,2
1608,1.0,0.0,2
1609,1.0,0.0,2
1610,1.0,0.0,2
1611,1.0,0.0,2
1612,1.0,0.0,2
1613,1.0,0.0,2
1614,1.0,0.0,2
1615,1.0,0.0,2
1616,1.0,0.0,2
1617,1.0,0.0,2
1618,1.0,0.0,2
1619,1.0,0.0,2
1620,1.0,0.0,2
1621,1.0,0.0,2
1622,1.0,0.0,2
1623,1.0,0.0,2
1624,1.0,0.0,2
1625,1.0,0.0,2
1626,1.0,0.0,2
1627,1.0,0.0,2
1628,1.0,0.0,2
1629,1.0,0.0,2
1630,1.0,0.0,2
1631,1.0,0.0,2
1632,1.0,0.0,2
1633,1.0,0.0,2
1634,1.0,0.0,2
1635,1.0,0.0,2
1636,1.0,0.0,2
1637,1.0,0.0,2
1638,0.0,0.0,2
1639,0.0,0.0,2
1640,0.0,0.0,2
1641,0.0,0.0,2
1642,0.0,0.0,2
1643,0.0,0.0,2
1644,0.0,0.0,2
1645,0.0,0.0,2
1646,0.0,0.0,2
1647,0.0,0.0,2
1648,0.0,0.0,2
1649,0.0,0.0,2
1650,0.0,0.0,2
1651,0.0,0.0,2
1652,0.0,0.0,2
1653,0.0,0.0,2
1654,0.0,0.0,2
1655,0.0,0.0,2
1656,0.0,0.0,2
1657,0.0,0.0,2
1658,0.0,0.0,2
1659,0.0,0.0,2
1660,0.0,0.0,2
1661,0.0,0.0,2
1662,0.0,0.0,2
1663,0.0,0.0,2
1664,0.0,0.0,2
1665,0.0,0.0,2
1666,0.0,0.0,2
1667,0.0,0.0,2
1668,0.0,0.0,2
1669,0.0,0.0,2
1670,0.0,0.0,2
1671,0.0,0.0,2
1672,0.0,0.0,2
1673,0.0,0.0,2
1674,0.0,0.0,2
1675,0.0,0.0,2
1676,0.0,0.0,2
1677,0.0,0.0,2
1678,0.0,0.0,2
1679,0.0,0.0,2
1680,0.0,0.0,2
1681,0.0,0.0,2
1682,0.0,0.0,2
1683,0.0,0.0,2
1684,0.0,0.0,2
1685,0.0,0.0,2
1686,0.0,0.0,2
1687,0.0,0.0,2
1688,0.0,0.0,2
1689,0.0,0.0,2
1690,0.0,0.0,2
1691,0.0,0.0,2
1692,0.0,0.0,2
1693,0.0,0.0,2
1694,0.0,0.0,2
1695,0.0,0.0,2
1696,0.0,0.0,2
1697,0.0,0.0,2
1698,0.0,0.0,2
1699,0.0,0.0,2
1700,0.0,0.0,2
1701,0.0,0.0,2
1702,0.0,0.0,2
1703,0.0,0.0,2
1704,0.0,0.0,2
1705,0.0,0.0,2
1706,0.0,0.0,2
1707,0.0,0.0,2
1708,0.0,0.0,2
1709,0.0,0.0,2
1710,0.0,0.0,2
1711,0.0,0.0,2
1712,0.0,0.0,2
1713,0.0,0.0,2
1714,0.0,0.0,2
1715,0.0,0.0,2
1716,0.0,0.0,2
1717,0.0,0.0,2
1718,0.0,0.0,2
1719,0.0,0.0,2
1720,0.0,0.0,2
1721,0.0,0.0,2
1722,0.0,0.0,2
1723,0.0,0.0,2
1724,0.0,0.0,2
1725,0.0,0.0,2
1726,0.0,0.0,2
1727,0.0,0.0,2
1728,0.0,0.0,2
1729,0.0,0.0,2
1730,0.0,0.0,2
1731,0.0,0.0,2
1732,0.0,0.0,2
1733,0.0,0.0,2
1734,0.0,0.0,2
1735,0.0,0.0,2
1736,0.0,0.0,2
1737,0.0,0.0,2
1738,0.0,0.0,2
1739,0.0,0.0,2
1740,0.0,0.0,2
1741,0.0,0.0,2
1742,0.0,0.0,2
1743,0.0,0.0,2
1744,0.0,0.0,2
1745,0.0,0.0,2
1746,0.0,0.0,2
1747,0.0,0.0,2
1748,0.0,0.0,2
1749,0.0,0.0,2
1750,0.0,0.0,2
1751,0.0,0.0,2
1752,0.0,0.0,2
1753,0.0,0.0,2
1754,0.0,0.0,2
1755,0.0,0.0,2
1756,0.0,0.0,2
1757,0.0,0.0,2
1758,0.0,0.0,2
1759,0.0,0.0,2
1760,0.0,0.0,2
1761,0.0,0.0,2
1762,0.0,0.0,2
1763,0.0,0.0,2
1764,0.0,0.0,2
1765,0.0,0.0,2
1766,0.0,0.0,2
1767,0.0,0.0,2
1768,0.0,0.0,2
1769,0.0,0.0,2
1770,0.0,0.0,2
1771,0.0,0.0,2
1772,0.0,0.0,2
1773,0.0,0.0,2
1774,0.0,0.0,2
1775,0.0,0.0,2
1776,0.0,0.0,2
1777,0.0,0.0,2
1778,0.0,0.0,2
1779,0.0,0.0,2
1780,0.0,0.0,2
1781,0.0,0.0,2
1782,0.0,0.0,2
1783,0.0,0.0,2
1784,0.0,0.0,2
1785,0.0,0.0,2
1786,0.0,0.0,2
1787,0.0,0.0,2
1788,0.0,0.0,2
1789,0.0,0.0,2
1790,0.0,0.0,2
1791,0.0,0.0,2
1792,0.0,0.0,2
1793,0.0,0.0,2
1794,0.0,0.0,2
1795,0.0,0.0,2
1796,0.0,0.0,2
1797,0.0,0.0,2
1798,0.0,0.0,2
1799,0.0,0.0,2
1800,0.0,0.0,2
1801,0.0,0.0,2
1802,0.0,0.0,2
1803,0.0,0.0,2
1804,0.0,0.0,2
1805,0.0,0.0,2
1806,0.0,0.0,2
1807,0.0,0.0,2
1808,0.0,0.0,2
1809,0.0,0.0,2
1810,0.0,0.0,2
1811,0.0,0.0,2
1812,0.0,0.0,2
1813,0.0,0.0,2
1814,0.0,0.0,2
1815,0.0,0.0,2
1816,0.0,0.0,2
1817,0.0,0.0,2
1818,0.0,0.0,2
1819,0.0,0.0,2
1820,0.0,0.0,2
1821,0.0,0.0,2
1822,0.0,0.0,2
1823,0.0,0.0,2
1824,0.0,0.0,2
1825,0.0,0.0,2
1826,0.0,0.0,2
1827,0.0,0.0,2
1828,0.0,0.0,2
1829,0.0,0.0,2
1830,0.0,0.0,2
1831,0.0,0.0,2
1832,0.0,0.0,2
1833,0.0,0.0,2
1834,0.0,0.0,2
1835,0.0,0.0,2
1836,0.0,0.0,2
1837,0.0,0.0,2
1838,0.0,0.0,2
1839,0.0,0.0,2
1840,0.0,0.0,2
1841,0.0,0.0,2
1842,0.0,0.0,2
1843,1.0,1.0,2
1844,1.0,1.0,2
1845,1.0,1.0,2
1846,1.0,1.0,2
1847,1.0,1.0,2
1848,1.0,1.0,2
1849,1.0,1.0,2
1850,1.0,1.0,2
1851,1.0,1.0,2
1852,1.0,1.0,2
1853,1.0,1.0,2
1854,1.0,1.0,2
1855,1.0,1.0,2
1856,1.0,1.0,2
1857,1.0,1.0,2
1858,1.0,1.0,2
1859,1.0,1.0,2
1860,1.0,1.0,2
1861,1.0,1.0,2
1862,1.0,1.0,2
1863,1.0,1.0,2
1864,1.0,1.0,2
1865,1.0,1.0,2
1866,1.0,1.0,2
1867,1.0,1.0,2
1868,1.0,1.0,2
1869,1.0,1.0,2
1870,1.0,1.0,2
1871,1.0,1.0,2
1872,1.0,1.0,2
1873,1.0,1.0,2
1874,1.0,1.0,2
1875,1.0,1.0,2
1876,1.0,1.0,2
1877,1.0,1.0,2
1878,1.0,1.0,2
1879,1.0,1.0,2
1880,1.0,1.0,2
1881,1.0,1.0,2
1882,1.0,1.0,2
1883,1.0,1.0,2
1884,1.0,1.0,2
1885,1.0,1.0,2
1886,1.0,1.0,2
1887,1.0,1.0,2
1888,1.0,1.0,2
1889,1.0,1.0,2
1890,1.0,1.0,2
1891,1.0,1.0,2
1892,1.0,1.0,2
1893,1.0,1.0,2
1894,1.0,1.0,2
1895,1.0,1.0,2
1896,1.0,1.0,2
1897,1.0,1.0,2
1898,1.0,1.0,2
1899,1.0,1.0,2
1900,1.0,1.0,2
1901,1.0,1.0,2
1902,1.0,1.0,2
1903,1.0,1.0,2
1904,1.0,1.0,2
1905,1.0,1.0,2
1906,1.0,1.0,2
1907,1.0,1.0,2
1908,1.0,1.0,2
1909,1.0,1.0,2
1910,1.0,1.0,2
1911,1.0,1.0,2
1912,1.0,1.0,2
1913,1.0,1.0,2
1914,1.0,1.0,2
1915,1.0,1.0,2
1916,1.0,1.0,2
1917,1.0,1.0,2
1918,1.0,1.0,2
1919,1.0,1.0,2
1920,1.0,1.0,2
1921,1.0,1.0,2
1922,1.0,1.0,2
1923,1.0,1.0,2
1924,1.0,1.0,2
1925,1.0,1.0,2
1926,1.0,1.0,2
1927,1.0,1.0,2
1928,1.0,1.0,2
1929,1.0,1.0,2
1930,1.0,1.0,2
1931,1.0,1.0,2
1932,1.0,1.0,2
1933,1.0,1.0,2
1934,1.0,1.0,2
1935,1.0,1.0,2
1936,1.0,1.0,2
1937,1.0,1.0,2
1938,1.0,1.0,2
1939,1.0,1.0,2
1940,1.0,1.0,2
1941,1.0,1.0,2
1942,1.0,1.0,2
1943,1.0,1.0,2
1944,1.0,1.0,2
1945,1.0,1.0,2
1946,1.0,1.0,2
1947,1.0,1.0,2
1948,1.0,1.0,2
1949,1.0,1.0,2
1950,1.0,1.0,2
1951,1.0,1.0,2
1952,1.0,1.0,2
1953,1.0,1.0,2
1954,1.0,1.0,2
1955,1.0,1.0,2
1956,1.0,1.0,2
1957,1.0,1.0,2
1958,1.0,1.0,2
1959,1.0,1.0,2
1960,1.0,1.0,2
1961,1.0,1.0,2
1962,1.0,1.0,2
1963,1.0,1.0,2
1964,1.0,1.0,2
1965,1.0,1.0,2
1966,1.0,1.0,2
1967,1.0,1.0,2
1968,1.0,1.0,2
1969,1.0,1.0,2
1970,1.0,1.0,2
1971,1.0,1.0,2
1972,1.0,1.0,2
1973,1.0,1.0,2
1974,1.0,1.0,2
1975,1.0,1.0,2
1976,1.0,1.0,2
1977,1.0,1.0,2
1978,1.0,1.0,2
1979,1.0,1.0,2
1980,1.0,1.0,2
1981,1.0,1.0,2
1982,1.0,1.0,2
1983,1.0,1.0,2
1984,1.0,1.0,2
1985,1.0,1.0,2
1986,1.0,1.0,2
1987,1.0,1.0,2
1988,1.0,1.0,2
1989,1.0,1.0,2
1990,1.0,1.0,2
1991,1.0,1.0,2
1992,1.0,1.0,2
1993,1.0,1.0,2
1994,1.0,1.0,2
1995,1.0,1.0,2
1996,1.0,1.0,2
1997,1.0,1.0,2
1998,1.0,1.0,2
1999,1.0,1.0,2
2000,1.0,1.0,2
2001,1.0,1.0,2
2002,1.0,1.0,2
2003,1.0,1.0,2
2004,1.0,1.0,2
2005,1.0,1.0,2
2006,1.0,1.0,2
2007,1.0,1.0,2
2008,1.0,1.0,2
2009,1.0,1.0,2
2010,1.0,1.0,2
2011,1.0,1.0,2
2012,1.0,1.0,2
2013,1.0,1.0,2
2014,1.0,1.0,2
2015,1.0,1.0,2
2016,1.0,1.0,2
2017,1.0,1.0,2
2018,1.0,1.0,2
2019,1.0,1.0,2
2020,1.0,1.0,2
2021,1.0,1.0,2
2022,1.0,1.0,2
2023,1.0,1.0,2
2024,1.0,1.0,2
2025,1.0,1.0,2
2026,1.0,1.0,2
2027,1.0,1.0,2
2028,1.0,1.0,2
2029,1.0,1.0,2
2030,1.0,1.0,2
2031,1.0,1.0,2
2032,1.0,1.0,2
2033,1.0,1.0,2
2034,1.0,1.0,2
2035,1.0,1.0,2
2036,1.0,1.0,2
2037,1.0,1.0,2
2038,1.0,1.0,2
2039,1.0,1.0,2
2040,1.0,1.0,2
2041,1.0,1.0,2
2042,1.0,1.0,2
2043,1.0,1.0,2
2044,1.0,1.0,2
2045,0.0,1.0,2
2046,0.0,1.0,2
2047,0.0,1.0,2
2048,0.0,1.0,2
2049,0.0,1.0,2
2050,0.0,1.0,2
2051,0.0,1.0,2
2052,0.0,1.0,2
2053,0.0,1.0,2
2054,0.0,1.0,2
2055,0.0,1.0,2
2056,0.0,1.0,2
2057,0.0,1.0,2
2058,0.0,1.0,2
2059,0.0,1.0,2
2060,0.0,1.0,2
2061,0.0,1.0,2
2062,0.0,1.0,2
2063,0.0,1.0,2
2064,0.0,1.0,2
2065,0.0,1.0,2
2066,0.0,1.0,2
2067,0.0,1.0,2
2068,0.0,1.0,2
2069,0.0,1.0,2
2070,0.0,1.0,2
2071,0.0,1.0,2
2072,0.0,1.0,2
2073,0.0,1.0,2
2074,0.0,1.0,2
2075,0.0,1.0,2
2076,0.0,1.0,2
2077,0.0,1.0,2
2078,0.0,1.0,2
2079,0.0,1.0,2
2080,0.0,1.0,2
2081,0.0,1.0,2
2082,0.0,1.0,2
2083,0.0,1.0,2
2084,0.0,1.0,2
2085,0.0,1.0,2
2086,0.0,1.0,2
2087,0.0,1.0,2
2088,0.0,1.0,2
2089,0.0,1.0,2
2090,0.0,1.0,2
2091,0.0,1.0,2
2092,0.0,1.0,2
2093,0.0,1.0,2
2094,0.0,1.0,2
2095,0.0,1.0,2
2096,0.0,1.0,2
2097,0.0,1.0,2
2098,0.0,1.0,2
2099,0.0,1.0,2
2100,0.0,1.0,2
2101,0.0,1.0,2
2102,0.0,1.0,2
2103,0.0,1.0,2
2104,0.0,1.0,2
2105,0.0,1.0,2
2106,0.0,1.0,2
2107,0.0,1.0,2
2108,0.0,1.0,2
2109,0.0,1.0,2
2110,0.0,1.0,2
2111,0.0,1.0,2
2112,0.0,1.0,2
2113,0.0,1.0,2
2114,0.0,1.0,2
2115,0.0,1.0,2
2116,0.0,1.0,2
2117,0.0,1.0,2
2118,0.0,1.0,2
2119,0.0,1.0,2
2120,0.0,1.0,2
2121,0.0,1.0,2
2122,0.0,1.0,2
2123,0.0,1.0,2
2124,0.0,1.0,2
2125,0.0,1.0,2
2126,0.0,1.0,2
2127,0.0,1.0,2
2128,0.0,1.0,2
2129,0.0,1.0,2
2130,0.0,1.0,2
2131,0.0,1.0,2
2132,0.0,1.0,2
2133,0.0,1.0,2
2134,0.0,1.0,2
2135,0.0,1.0,2
2136,0.0,1.0,2
2137,0.0,1.0,2
2138,0.0,1.0,2
2139,0.0,1.0,2
2140,0.0,1.0,2
2141,0.0,1.0,2
2142,0.0,1.0,2
2143,0.0,1.0,2
2144,0.0,1.0,2
2145,0.0,1.0,2
2146,0.0,1.0,2
2147,0.0,1.0,2
2148,0.0,1.0,2
2149,0.0,1.0,2
2150,0.0,1.0,2
2151,0.0,1.0,2
2152,0.0,1.0,2
2153,0.0,1.0,2
2154,0.0,1.0,2
2155,0.0,1.0,2
2156,0.0,1.0,2
2157,0.0,1.0,2
2158,0.0,1.0,2
2159,0.0,1.0,2
2160,0.0,1.0,2
2161,0.0,1.0,2
2162,0.0,1.0,2
2163,0.0,1.0,2
2164,0.0,1.0,2
2165,0.0,1.0,2
2166,0.0,1.0,2
2167,0.0,1.0,2
2168,0.0,1.0,2
2169,0.0,1.0,2
2170,0.0,1.0,2
2171,0.0,1.0,2
2172,0.0,1.0,2
2173,0.0,1.0,2
2174,0.0,1.0,2
2175,0.0,1.0,2
2176,0.0,1.0,2
2177,0.0,1.0,2
2178,0.0,1.0,2
2179,0.0,1.0,2
2180,0.0,1.0,2
2181,0.0,1.0,2
2182,0.0,1.0,2
2183,0.0,1.0,2
2184,0.0,1.0,2
2185,0.0,1.0,2
2186,0.0,1.0,2
2187,0.0,1.0,2
2188,0.0,1.0,2
2189,0.0,1.0,2
2190,0.0,1.0,2
2191,0.0,1.0,2
2192,0.0,1.0,2
2193,0.0,1.0,2
2194,0.0,1.0,2
2195,0.0,1.0,2
2196,0.0,1.0,2
2197,0.0,1.0,2
2198,0.0,1.0,2
2199,0.0,1.0,2
2200,0.0,1.0,2
2201,0.0,1.0,2
2202,0.0,1.0,2
2203,0.0,1.0,2
2204,0.0,1.0,2
2205,0.0,1.0,2
2206,0.0,1.0,2
2207,0.0,1.0,2
2208,0.0,1.0,2
2209,0.0,1.0,2
2210,0.0,1.0,2
2211,0.0,1.0,2
2212,0.0,1.0,2
2213,0.0,1.0,2
2214,0.0,1.0,2
2215,0.0,1.0,2
2216,0.0,1.0,2
2217,0.0,1.0,2
2218,0.0,1.0,2
2219,0.0,1.0,2
2220,0.0,1.0,2
2221,0.0,1.0,2
2222,0.0,1.0,2
2223,0.0,1.0,2
2224,0.0,1.0,2
2225,0.0,1.0,2
2226,0.0,1.0,2
2227,0.0,1.0,2
2228,0.0,1.0,2
2229,0.0,1.0,2
2230,0.0,1.0,2
2231,0.0,1.0,2
2232,0.0,1.0,2
2233,0.0,1.0,2
2234,0.0,1.0,2
2235,0.0,1.0,2
2236,0.0,1.0,2
2237,0.0,1.0,2
2238,0.0,1.0,2
2239,0.0,1.0,2
2240,0.0,1.0,2
2241,0.0,1.0,2
2242,0.0,1.0,2
2243,0.0,1.0,2
2244,0.0,1.0,2
2245,0.0,1.0,2
2246,0.0,1.0,2
2247,0.0,1.0,2
2248,0.0,1.0,2
2249,0.0,1.0,2
2250,0.0,1.0,2
2251,0.0,1.0,2
2252,0.0,1.0,2
2253,0.0,1.0,2
2254,0.0,1.0,2
2255,0.0,1.0,2
2256,0.0,1.0,2
2257,0.0,1.0,2
2258,0.0,1.0,2
2259,0.0,1.0,2
2260,0.0,1.0,2
2261,0.0,1.0,2
2262,0.0,1.0,2
2263,0.0,1.0,2
2264,0.0,1.0,2
2265,0.0,1.0,2
2266,0.0,1.0,2
2267,0.0,1.0,2
2268,0.0,1.0,2
2269,0.0,1.0,2
2270,0.0,1.0,2
2271,0.0,1.0,2
2272,0.0,1.0,2
2273,0.0,1.0,2
2274,0.0,1.0,2
2275,0.0,1.0,2
2276,0.0,1.0,2
2277,0.0,1.0,2
2278,0.0,1.0,2
2279,0.0,1.0,2
2280,0.0,1.0,2
2281,0.0,1.0,2
2282,0.0,1.0,2
2283,0.0,1.0,2
2284,0.0,1.0,2
2285,0.0,1.0,2
2286,0.0,1.0,2
2287,0.0,1.0,2
2288,0.0,1.0,2
2289,0.0,1.0,2
2290,0.0,1.0,2
2291,0.0,1.0,2
2292,0.0,1.0,2
2293,0.0,1.0,2
2294,0.0,1.0,2
2295,0.0,1.0,2
2296,0.0,1.0,2
2297,0.0,1.0,2
2298,0.0,1.0,2
2299,0.0,1.0,2
2300,0.0,1.0,2
2301,0.0,1.0,2
2302,0.0,1.0,2
2303,0.0,1.0,2
2304,0.0,1.0,2
2305,0.0,1.0,2
2306,0.0,1.0,2
2307,0.0,1.0,2
2308,0.0,1.0,2
2309,0.0,1.0,2
2310,0.0,1.0,2
2311,0.0,1.0,2
2312,0.0,1.0,2
2313,0.0,1.0,2
2314,0.0,1.0,2
2315,0.0,1.0,2
2316,0.0,1.0,2
2317,0.0,1.0,2
2318,0.0,1.0,2
2319,0.0,1.0,2
2320,0.0,1.0,2
2321,0.0,1.0,2
2322,0.0,1.0,2
2323,0.0,1.0,2
2324,0.0,1.0,2
2325,0.0,1.0,2
2326,0.0,1.0,2
2327,0.0,1.0,2
2328,0.0,1.0,2
2329,0.0,1.0,2
2330,0.0,1.0,2
2331,0.0,1.0,2
2332,0.0,1.0,2
2333,0.0,1.0,2
2334,0.0,1.0,2
2335,0.0,1.0,2
2336,0.0,1.0,2
2337,0.0,1.0,2
2338,0.0,1.0,2
2339,0.0,1.0,2
2340,0.0,1.0,2
2341,0.0,1.0,2
2342,0.0,1.0,2
2343,0.0,1.0,2
2344,0.0,1.0,2
2345,0.0,1.0,2
2346,0.0,1.0,2
2347,0.0,1.0,2
2348,0.0,1.0,2
2349,0.0,1.0,2
2350,0.0,1.0,2
2351,0.0,1.0,2
2352,0.0,1.0,2
2353,0.0,1.0,2
2354,0.0,1.0,2
2355,0.0,1.0,2
2356,0.0,1.0,2
2357,0.0,1.0,2
2358,0.0,1.0,2
2359,0.0,1.0,2
2360,0.0,1.0,2
2361,0.0,1.0,2
2362,0.0,1.0,2
2363,0.0,1.0,2
2364,0.0,1.0,2
2365,0.0,1.0,2
2366,0.0,1.0,2
2367,0.0,1.0,2
2368,0.0,1.0,2
2369,0.0,1.0,2
2370,0.0,1.0,2
2371,0.0,1.0,2
2372,0.0,1.0,2
2373,0.0,1.0,2
2374,0.0,1.0,2
2375,0.0,1.0,2
2376,0.0,1.0,2
2377,0.0,1.0,2
2378,0.0,1.0,2
2379,0.0,1.0,2
2380,0.0,1.0,2
2381,0.0,1.0,2
2382,0.0,1.0,2
2383,0.0,1.0,2
2384,0.0,1.0,2
2385,0.0,1.0,2
2386,0.0,1.0,2
2387,0.0,1.0,2
2388,0.0,1.0,2
2389,0.0,1.0,2
2390,0.0,1.0,2
2391,0.0,1.0,2
2392,0.0,1.0,2
2393,0.0,1.0,2
2394,0.0,1.0,2
2395,0.0,1.0,2
2396,0.0,1.0,2
2397,0.0,1.0,2
2398,0.0,1.0,2
2399,0.0,1.0,2
2400,0.0,1.0,2
2401,0.0,1.0,2
2402,0.0,1.0,2
2403,0.0,1.0,2
2404,0.0,1.0,2
2405,0.0,1.0,2
2406,0.0,1.0,2
2407,0.0,1.0,2
2408,0.0,1.0,2
2409,0.0,1.0,2
2410,0.0,1.0,2
2411,0.0,1.0,2
2412,0.0,1.0,2
2413,0.0,1.0,2
2414,0.0,1.0,2
2415,0.0,1.0,2
2416,0.0,1.0,2
2417,0.0,1.0,2
2418,0.0,1.0,2
2419,0.0,1.0,2
2420,0.0,1.0,2
2421,0.0,1.0,2
2422,0.0,1.0,2
2423,0.0,1.0,2
2424,0.0,1.0,2
2425,0.0,1.0,2
2426,0.0,1.0,2
2427,0.0,1.0,2
2428,0.0,1.0,2
2429,0.0,1.0,2
2430,0.0,1.0,2
2431,0.0,1.0,2
2432,0.0,1.0,2
2433,0.0,1.0,2
2434,0.0,1.0,2
2435,0.0,1.0,2
2436,1.0,0.0,3
2437,1.0,0.0,3
2438,1.0,0.0,3
2439,1.0,0.0,3
2440,1.0,0.0,3
2441,1.0,0.0,3
2442,1.0,0.0,3
2443,1.0,0.0,3
2444,1.0,0.0,3
2445,1.0,0.0,3
2446,1.0,0.0,3
2447,1.0,0.0,3
2448,1.0,0.0,3
2449,1.0,0.0,3
2450,1.0,0.0,3
2451,1.0,0.0,3
2452,1.0,0.0,3
2453,1.0,0.0,3
2454,1.0,0.0,3
2455,1.0,0.0,3
2456,1.0,0.0,3
2457,1.0,0.0,3
2458,1.0,0.0,3
2459,1.0,0.0,3
2460,1.0,0.0,3
2461,1.0,0.0,3
2462,1.0,0.0,3
2463,1.0,0.0,3
2464,1.0,0.0,3
2465,1.0,0.0,3
2466,1.0,0.0,3
2467,1.0,0.0,3
2468,1.0,0.0,3
2469,1.0,0.0,3
2470,1.0,0.0,3
2471,1.0,0.0,3
2472,1.0,0.0,3
2473,1.0,0.0,3
2474,1.0,0.0,3
2475,1.0,0.0,3
2476,1.0,0.0,3
2477,1.0,0.0,3
2478,1.0,0.0,3
2479,1.0,0.0,3
2480,1.0,0.0,3
2481,1.0,0.0,3
2482,1.0,0.0,3
2483,1.0,0.0,3
2484,1.0,0.0,3
2485,1.0,0.0,3
2486,1.0,0.0,3
2487,1.0,0.0,3
2488,1.0,0.0,3
2489,1.0,0.0,3
2490,1.0,0.0,3
2491,1.0,0.0,3
2492,1.0,0.0,3
2493,1.0,0.0,3
2494,1.0,0.0,3
2495,1.0,0.0,3
2496,1.0,0.0,3
2497,1.0,0.0,3
2498,1.0,0.0,3
2499,1.0,0.0,3
2500,1.0,0.0,3
2501,1.0,0.0,3
2502,1.0,0.0,3
2503,1.0,0.0,3
2504,1.0,0.0,3
2505,1.0,0.0,3
2506,1.0,0.0,3
2507,1.0,0.0,3
2508,1.0,0.0,3
2509,1.0,0.0,3
2510,1.0,0.0,3
2511,1.0,0.0,3
2512,1.0,0.0,3
2513,1.0,0.0,3
2514,1.0,0.0,3
2515,1.0,0.0,3
2516,1.0,0.0,3
2517,1.0,0.0,3
2518,1.0,0.0,3
2519,1.0,0.0,3
2520,1.0,0.0,3
2521,1.0,0.0,3
2522,1.0,0.0,3
2523,1.0,0.0,3
2524,1.0,0.0,3
2525,1.0,0.0,3
2526,1.0,0.0,3
2527,1.0,0.0,3
2528,1.0,0.0,3
2529,1.0,0.0,3
2530,1.0,0.0,3
2531,1.0,0.0,3
2532,1.0,0.0,3
2533,1.0,0.0,3
2534,1.0,0.0,3
2535,1.0,0.0,3
2536,1.0,0.0,3
2537,1.0,0.0,3
2538,1.0,0.0,3
2539,1.0,0.0,3
2540,1.0,0.0,3
2541,1.0,0.0,3
2542,1.0,0.0,3
2543,1.0,0.0,3
2544,1.0,0.0,3
2545,1.0,0.0,3
2546,1.0,0.0,3
2547,1.0,0.0,3
2548,1.0,0.0,3
2549,1.0,0.0,3
2550,1.0,0.0,3
2551,1.0,0.0,3
2552,1.0,0.0,3
2553,1.0,0.0,3
2554,1.0,0.0,3
2555,1.0,0.0,3
2556,1.0,0.0,3
2557,1.0,0.0,3
2558,1.0,0.0,3
2559,1.0,0.0,3
2560,1.0,0.0,3
2561,1.0,0.0,3
2562,1.0,0.0,3
2563,1.0,0.0,3
2564,1.0,0.0,3
2565,1.0,0.0,3
2566,1.0,0.0,3
2567,1.0,0.0,3
2568,1.0,0.0,3
2569,1.0,0.0,3
2570,1.0,0.0,3
2571,1.0,0.0,3
2572,1.0,0.0,3
2573,1.0,0.0,3
2574,0.0,0.0,3
2575,0.0,0.0,3
2576,0.0,0.0,3
2577,0.0,0.0,3
2578,0.0,0.0,3
2579,0.0,0.0,3
2580,0.0,0.0,3
2581,0.0,0.0,3
2582,0.0,0.0,3
2583,0.0,0.0,3
2584,0.0,0.0,3
2585,0.0,0.0,3
2586,0.0,0.0,3
2587,0.0,0.0,3
2588,0.0,0.0,3
2589,0.0,0.0,3
2590,0.0,0.0,3
2591,0.0,0.0,3
2592,0.0,0.0,3
2593,0.0,0.0,3
2594,0.0,0.0,3
2595,0.0,0.0,3
2596,0.0,0.0,3
2597,0.0,0.0,3
2598,0.0,0.0,3
2599,0.0,0.0,3
2600,0.0,0.0,3
2601,0.0,0.0,3
2602,0.0,0.0,3
2603,0.0,0.0,3
2604,0.0,0.0,3
2605,0.0,0.0,3
2606,0.0,0.0,3
2607,0.0,0.0,3
2608,0.0,0.0,3
2609,0.0,0.0,3
2610,0.0,0.0,3
2611,0.0,0.0,3
2612,0.0,0.0,3
2613,0.0,0.0,3
2614,0.0,0.0,3
2615,0.0,0.0,3
2616,0.0,0.0,3
2617,0.0,0.0,3
2618,0.0,0.0,3
2619,0.0,0.0,3
2620,0.0,0.0,3
2621,0.0,0.0,3
2622,0.0,0.0,3
2623,0.0,0.0,3
2624,0.0,0.0,3
2625,0.0,0.0,3
2626,0.0,0.0,3
2627,0.0,0.0,3
2628,0.0,0.0,3
2629,0.0,0.0,3
2630,0.0,0.0,3
2631,0.0,0.0,3
2632,0.0,0.0,3
2633,0.0,0.0,3
2634,0.0,0.0,3
2635,0.0,0.0,3
2636,0.0,0.0,3
2637,0.0,0.0,3
2638,0.0,0.0,3
2639,0.0,0.0,3
2640,0.0,0.0,3
2641,0.0,0.0,3
2642,0.0,0.0,3
2643,0.0,0.0,3
2644,0.0,0.0,3
2645,0.0,0.0,3
2646,0.0,0.0,3
2647,0.0,0.0,3
2648,0.0,0.0,3
2649,0.0,0.0,3
2650,0.0,0.0,3
2651,0.0,0.0,3
2652,0.0,0.0,3
2653,0.0,0.0,3
2654,0.0,0.0,3
2655,0.0,0.0,3
2656,0.0,0.0,3
2657,0.0,0.0,3
2658,0.0,0.0,3
2659,0.0,0.0,3
2660,0.0,0.0,3
2661,0.0,0.0,3
2662,0.0,0.0,3
2663,0.0,0.0,3
2664,0.0,0.0,3
2665,0.0,0.0,3
2666,0.0,0.0,3
2667,0.0,0.0,3
2668,0.0,0.0,3
2669,0.0,0.0,3
2670,0.0,0.0,3
2671,0.0,0.0,3
2672,0.0,0.0,3
2673,0.0,0.0,3
2674,0.0,0.0,3
2675,0.0,0.0,3
2676,0.0,0.0,3
2677,0.0,0.0,3
2678,0.0,0.0,3
2679,0.0,0.0,3
2680,0.0,0.0,3
2681,0.0,0.0,3
2682,0.0,0.0,3
2683,0.0,0.0,3
2684,0.0,0.0,3
2685,0.0,0.0,3
2686,0.0,0.0,3
2687,0.0,0.0,3
2688,0.0,0.0,3
2689,0.0,0.0,3
2690,0.0,0.0,3
2691,0.0,0.0,3
2692,0.0,0.0,3
2693,0.0,0.0,3
2694,0.0,0.0,3
2695,0.0,0.0,3
2696,0.0,0.0,3
2697,0.0,0.0,3
2698,0.0,0.0,3
2699,0.0,0.0,3
2700,0.0,0.0,3
2701,0.0,0.0,3
2702,0.0,0.0,3
2703,0.0,0.0,3
2704,0.0,0.0,3
2705,0.0,0.0,3
2706,0.0,0.0,3
2707,0.0,0.0,3
2708,0.0,0.0,3
2709,0.0,0.0,3
2710,0.0,0.0,3
2711,0.0,0.0,3
2712,0.0,0.0,3
2713,0.0,0.0,3
2714,0.0,0.0,3
2715,0.0,0.0,3
2716,0.0,0.0,3
2717,0.0,0.0,3
2718,0.0,0.0,3
2719,0.0,0.0,3
2720,0.0,0.0,3
2721,0.0,0.0,3
2722,0.0,0.0,3
2723,0.0,0.0,3
2724,0.0,0.0,3
2725,0.0,0.0,3
2726,0.0,0.0,3
2727,0.0,0.0,3
2728,0.0,0.0,3
2729,0.0,0.0,3
2730,0.0,0.0,3
2731,0.0,0.0,3
2732,0.0,0.0,3
2733,0.0,0.0,3
2734,0.0,0.0,3
2735,0.0,0.0,3
2736,0.0,0.0,3
2737,0.0,0.0,3
2738,0.0,0.0,3
2739,0.0,0.0,3
2740,0.0,0.0,3
2741,0.0,0.0,3
2742,0.0,0.0,3
2743,0.0,0.0,3
2744,0.0,0.0,3
2745,0.0,0.0,3
2746,0.0,0.0,3
2747,0.0,0.0,3
2748,0.0,0.0,3
2749,0.0,0.0,3
2750,0.0,0.0,3
2751,0.0,0.0,3
2752,0.0,0.0,3
2753,0.0,0.0,3
2754,0.0,0.0,3
2755,0.0,0.0,3
2756,0.0,0.0,3
2757,0.0,0.0,3
2758,0.0,0.0,3
2759,0.0,0.0,3
2760,0.0,0.0,3
2761,0.0,0.0,3
2762,0.0,0.0,3
2763,0.0,0.0,3
2764,0.0,0.0,3
2765,0.0,0.0,3
2766,0.0,0.0,3
2767,0.0,0.0,3
2768,0.0,0.0,3
2769,0.0,0.0,3
2770,0.0,0.0,3
2771,0.0,0.0,3
2772,0.0,0.0,3
2773,0.0,0.0,3
2774,0.0,0.0,3
2775,0.0,0.0,3
2776,0.0,0.0,3
2777,0.0,0.0,3
2778,0.0,0.0,3
2779,0.0,0.0,3
2780,0.0,0.0,3
2781,0.0,0.0,3
2782,0.0,0.0,3
2783,0.0,0.0,3
2784,0.0,0.0,3
2785,0.0,0.0,3
2786,0.0,0.0,3
2787,0.0,0.0,3
2788,0.0,0.0,3
2789,0.0,0.0,3
2790,0.0,0.0,3
2791,0.0,0.0,3
2792,0.0,0.0,3
2793,0.0,0.0,3
2794,0.0,0.0,3
2795,0.0,0.0,3
2796,0.0,0.0,3
2797,0.0,0.0,3
2798,0.0,0.0,3
2799,0.0,0.0,3
2800,0.0,0.0,3
2801,0.0,0.0,3
2802,0.0,0.0,3
2803,0.0,0.0,3
2804,0.0,0.0,3
2805,0.0,0.0,3
2806,0.0,0.0,3
2807,0.0,0.0,3
2808,0.0,0.0,3
2809,0.0,0.0,3
2810,0.0,0.0,3
2811,0.0,0.0,3
2812,0.0,0.0,3
2813,0.0,0.0,3
2814,0.0,0.0,3
2815,0.0,0.0,3
2816,0.0,0.0,3
2817,0.0,0.0,3
2818,0.0,0.0,3
2819,0.0,0.0,3
2820,0.0,0.0,3
2821,0.0,0.0,3
2822,0.0,0.0,3
2823,0.0,0.0,3
2824,0.0,0.0,3
2825,0.0,0.0,3
2826,0.0,0.0,3
2827,0.0,0.0,3
2828,0.0,0.0,3
2829,0.0,0.0,3
2830,0.0,0.0,3
2831,0.0,0.0,3
2832,0.0,0.0,3
2833,0.0,0.0,3
2834,0.0,0.0,3
2835,0.0,0.0,3
2836,0.0,0.0,3
2837,0.0,0.0,3
2838,0.0,0.0,3
2839,0.0,0.0,3
2840,0.0,0.0,3
2841,0.0,0.0,3
2842,0.0,0.0,3
2843,0.0,0.0,3
2844,0.0,0.0,3
2845,0.0,0.0,3
2846,0.0,0.0,3
2847,0.0,0.0,3
2848,0.0,0.0,3
2849,0.0,0.0,3
2850,0.0,0.0,3
2851,0.0,0.0,3
2852,0.0,0.0,3
2853,1.0,1.0,3
2854,1.0,1.0,3
2855,1.0,1.0,3
2856,1.0,1.0,3
2857,1.0,1.0,3
2858,1.0,1.0,3
2859,1.0,1.0,3
2860,1.0,1.0,3
2861,1.0,1.0,3
2862,1.0,1.0,3
2863,1.0,1.0,3
2864,1.0,1.0,3
2865,1.0,1.0,3
2866,1.0,1.0,3
2867,1.0,1.0,3
2868,1.0,1.0,3
2869,1.0,1.0,3
2870,1.0,1.0,3
2871,1.0,1.0,3
2872,1.0,1.0,3
2873,1.0,1.0,3
2874,1.0,1.0,3
2875,1.0,1.0,3
2876,1.0,1.0,3
2877,1.0,1.0,3
2878,1.0,1.0,3
2879,1.0,1.0,3
2880,1.0,1.0,3
2881,1.0,1.0,3
2882,1.0,1.0,3
2883,1.0,1.0,3
2884,1.0,1.0,3
2885,1.0,1.0,3
2886,1.0,1.0,3
2887,1.0,1.0,3
2888,1.0,1.0,3
2889,1.0,1.0,3
2890,1.0,1.0,3
2891,1.0,1.0,3
2892,1.0,1.0,3
2893,1.0,1.0,3
2894,1.0,1.0,3
2895,1.0,1.0,3
2896,1.0,1.0,3
2897,1.0,1.0,3
2898,1.0,1.0,3
2899,1.0,1.0,3
2900,1.0,1.0,3
2901,1.0,1.0,3
2902,1.0,1.0,3
2903,1.0,1.0,3
2904,1.0,1.0,3
2905,1.0,1.0,3
2906,1.0,1.0,3
2907,1.0,1.0,3
2908,1.0,1.0,3
2909,1.0,1.0,3
2910,1.0,1.0,3
2911,1.0,1.0,3
2912,1.0,1.0,3
2913,1.0,1.0,3
2914,1.0,1.0,3
2915,1.0,1.0,3
2916,1.0,1.0,3
2917,1.0,1.0,3
2918,1.0,1.0,3
2919,1.0,1.0,3
2920,1.0,1.0,3
2921,1.0,1.0,3
2922,1.0,1.0,3
2923,1.0,1.0,3
2924,1.0,1.0,3
2925,1.0,1.0,3
2926,1.0,1.0,3
2927,1.0,1.0,3
2928,1.0,1.0,3
2929,1.0,1.0,3
2930,1.0,1.0,3
2931,1.0,1.0,3
2932,1.0,1.0,3
2933,1.0,1.0,3
2934,1.0,1.0,3
2935,1.0,1.0,3
2936,1.0,1.0,3
2937,1.0,1.0,3
2938,1.0,1.0,3
2939,1.0,1.0,3
2940,1.0,1.0,3
2941,1.0,1.0,3
2942,1.0,1.0,3
2943,1.0,1.0,3
2944,1.0,1.0,3
2945,1.0,1.0,3
2946,1.0,1.0,3
2947,1.0,1.0,3
2948,1.0,1.0,3
2949,1.0,1.0,3
2950,1.0,1.0,3
2951,1.0,1.0,3
2952,1.0,1.0,3
2953,1.0,1.0,3
2954,1.0,1.0,3
2955,1.0,1.0,3
2956,1.0,1.0,3
2957,1.0,1.0,3
2958,1.0,1.0,3
2959,1.0,1.0,3
2960,1.0,1.0,3
2961,1.0,1.0,3
2962,1.0,1.0,3
2963,1.0,1.0,3
2964,1.0,1.0,3
2965,1.0,1.0,3
2966,1.0,1.0,3
2967,1.0,1.0,3
2968,1.0,1.0,3
2969,1.0,1.0,3
2970,1.0,1.0,3
2971,1.0,1.0,3
2972,1.0,1.0,3
2973,1.0,1.0,3
2974,1.0,1.0,3
2975,1.0,1.0,3
2976,1.0,1.0,3
2977,1.0,1.0,3
2978,1.0,1.0,3
2979,1.0,1.0,3
2980,1.0,1.0,3
2981,1.0,1.0,3
2982,1.0,1.0,3
2983,1.0,1.0,3
2984,0.0,1.0,3
2985,0.0,1.0,3
2986,0.0,1.0,3
2987,0.0,1.0,3
2988,0.0,1.0,3
2989,0.0,1.0,3
2990,0.0,1.0,3
2991,0.0,1.0,3
2992,0.0,1.0,3
2993,0.0,1.0,3
2994,0.0,1.0,3
2995,0.0,1.0,3
2996,0.0,1.0,3
2997,0.0,1.0,3
2998,0.0,1.0,3
2999,0.0,1.0,3
3000,0.0,1.0,3
3001,0.0,1.0,3
3002,0.0,1.0,3
3003,0.0,1.0,3
3004,0.0,1.0,3
3005,0.0,1.0,3
3006,0.0,1.0,3
3007,0.0,1.0,3
3008,0.0,1.0,3
3009,0.0,1.0,3
3010,0.0,1.0,3
3011,0.0,1.0,3
3012,0.0,1.0,3
3013,0.0,1.0,3
3014,0.0,1.0,3
3015,0.0,1.0,3
3016,0.0,1.0,3
3017,0.0,1.0,3
3018,0.0,1.0,3
3019,0.0,1.0,3
3020,0.0,1.0,3
3021,0.0,1.0,3
3022,0.0,1.0,3
3023,0.0,1.0,3
3024,0.0,1.0,3
3025,0.0,1.0,3
3026,0.0,1.0,3
3027,0.0,1.0,3
3028,0.0,1.0,3
3029,0.0,1.0,3
3030,0.0,1.0,3
3031,0.0,1.0,3
3032,0.0,1.0,3
3033,0.0,1.0,3
3034,0.0,1.0,3
3035,0.0,1.0,3
3036,0.0,1.0,3
3037,0.0,1.0,3
3038,0.0,1.0,3
3039,0.0,1.0,3
3040,0.0,1.0,3
3041,0.0,1.0,3
3042,0.0,1.0,3
3043,0.0,1.0,3
3044,0.0,1.0,3
3045,0.0,1.0,3
3046,0.0,1.0,3
3047,0.0,1.0,3
3048,0.0,1.0,3
3049,0.0,1.0,3
3050,0.0,1.0,3
3051,0.0,1.0,3
3052,0.0,1.0,3
3053,0.0,1.0,3
3054,0.0,1.0,3
3055,0.0,1.0,3
3056,0.0,1.0,3
3057,0.0,1.0,3
3058,0.0,1.0,3
3059,0.0,1.0,3
3060,0.0,1.0,3
3061,0.0,1.0,3
3062,0.0,1.0,3
3063,0.0,1.0,3
3064,0.0,1.0,3
3065,0.0,1.0,3
3066,0.0,1.0,3
3067,0.0,1.0,3
3068,0.0,1.0,3
3069,0.0,1.0,3
3070,0.0,1.0,3
3071,0.0,1.0,3
3072,0.0,1.0,3
3073,0.0,1.0,3
3074,0.0,1.0,3
3075,0.0,1.0,3
3076,0.0,1.0,3
3077,0.0,1.0,3
3078,0.0,1.0,3
3079,0.0,1.0,3
3080,0.0,1.0,3
3081,0.0,1.0,3
3082,0.0,1.0,3
3083,0.0,1.0,3
3084,0.0,1.0,3
3085,0.0,1.0,3
3086,0.0,1.0,3
3087,0.0,1.0,3
3088,0.0,1.0,3
3089,0.0,1.0,3
3090,0.0,1.0,3
3091,0.0,1.0,3
3092,0.0,1.0,3
3093,0.0,1.0,3
3094,0.0,1.0,3
3095,0.0,1.0,3
3096,0.0,1.0,3
3097,0.0,1.0,3
3098,0.0,1.0,3
3099,0.0,1.0,3
3100,0.0,1.0,3
3101,0.0,1.0,3
3102,0.0,1.0,3
3103,0.0,1.0,3
3104,0.0,1.0,3
3105,0.0,1.0,3
3106,0.0,1.0,3
3107,0.0,1.0,3
3108,0.0,1.0,3
3109,0.0,1.0,3
3110,0.0,1.0,3
3111,0.0,1.0,3
3112,0.0,1.0,3
3113,0.0,1.0,3
3114,0.0,1.0,3
3115,0.0,1.0,3
3116,0.0,1.0,3
3117,0.0,1.0,3
3118,0.0,1.0,3
3119,0.0,1.0,3
3120,0.0,1.0,3
3121,0.0,1.0,3
3122,0.0,1.0,3
3123,0.0,1.0,3
3124,0.0,1.0,3
3125,0.0,1.0,3
3126,0.0,1.0,3
3127,0.0,1.0,3
3128,0.0,1.0,3
3129,0.0,1.0,3
3130,0.0,1.0,3
3131,0.0,1.0,3
3132,0.0,1.0,3
3133,0.0,1.0,3
3134,0.0,1.0,3
3135,0.0,1.0,3
3136,0.0,1.0,3
3137,0.0,1.0,3
3138,0.0,1.0,3
3139,0.0,1.0,3
3140,0.0,1.0,3
3141,0.0,1.0,3
3142,0.0,1.0,3
3143,0.0,1.0,3
3144,0.0,1.0,3
3145,0.0,1.0,3
3146,0.0,1.0,3
3147,0.0,1.0,3
3148,0.0,1.0,3
3149,0.0,1.0,3
3150,0.0,1.0,3
3151,0.0,1.0,3
3152,0.0,1.0,3
3153,0.0,1.0,3
3154,0.0,1.0,3
3155,0.0,1.0,3
3156,0.0,1.0,3
3157,0.0,1.0,3
3158,0.0,1.0,3
3159,0.0,1.0,3
3160,0.0,1.0,3
3161,0.0,1.0,3
3162,0.0,1.0,3
3163,0.0,1.0,3
3164,0.0,1.0,3
3165,0.0,1.0,3
3166,0.0,1.0,3
3167,0.0,1.0,3
3168,0.0,1.0,3
3169,0.0,1.0,3
3170,0.0,1.0,3
3171,0.0,1.0,3
3172,0.0,1.0,3
3173,0.0,1.0,3
3174,0.0,1.0,3
3175,0.0,1.0,3
3176,0.0,1.0,3
3177,0.0,1.0,3
3178,0.0,1.0,3
3179,0.0,1.0,3
3180,0.0,1.0,3
3181,0.0,1.0,3
3182,0.0,1.0,3
3183,0.0,1.0,3
3184,0.0,1.0,3
3185,0.0,1.0,3
3186,0.0,1.0,3
3187,0.0,1.0,3
3188,0.0,1.0,3
3189,0.0,1.0,3
3190,0.0,1.0,3
3191,0.0,1.0,3
3192,0.0,1.0,3
3193,0.0,1.0,3
3194,0.0,1.0,3
3195,0.0,1.0,3
3196,0.0,1.0,3
3197,0.0,1.0,3
3198,0.0,1.0,3
3199,0.0,1.0,3
3200,0.0,1.0,3
3201,0.0,1.0,3
3202,0.0,1.0,3
3203,0.0,1.0,3
3204,0.0,1.0,3
3205,0.0,1.0,3
3206,0.0,1.0,3
3207,0.0,1.0,3
3208,0.0,1.0,3
3209,0.0,1.0,3
3210,0.0,1.0,3
3211,0.0,1.0,3
3212,0.0,1.0,3
3213,0.0,1.0,3
3214,0.0,1.0,3
3215,0.0,1.0,3
3216,0.0,1.0,3
3217,0.0,1.0,3
3218,0.0,1.0,3
3219,0.0,1.0,3
3220,0.0,1.0,3
3221,0.0,1.0,3
3222,0.0,1.0,3
3223,0.0,1.0,3
3224,0.0,1.0,3
3225,0.0,1.0,3
3226,0.0,1.0,3
3227,0.0,1.0,3
3228,1.0,0.0,4
3229,1.0,0.0,4
3230,1.0,0.0,4
3231,1.0,0.0,4
3232,1.0,0.0,4
3233,1.0,0.0,4
3234,1.0,0.0,4
3235,1.0,0.0,4
3236,1.0,0.0,4
3237,1.0,0.0,4
3238,1.0,0.0,4
3239,1.0,0.0,4
3240,1.0,0.0,4
3241,1.0,0.0,4
3242,1.0,0.0,4
3243,1.0,0.0,4
3244,1.0,0.0,4
3245,1.0,0.0,4
3246,1.0,0.0,4
3247,1.0,0.0,4
3248,1.0,0.0,4
3249,1.0,0.0,4
3250,1.0,0.0,4
3251,1.0,0.0,4
3252,1.0,0.0,4
3253,1.0,0.0,4
3254,1.0,0.0,4
3255,1.0,0.0,4
3256,1.0,0.0,4
3257,1.0,0.0,4
3258,1.0,0.0,4
3259,1.0,0.0,4
3260,1.0,0.0,4
3261,1.0,0.0,4
3262,1.0,0.0,4
3263,1.0,0.0,4
3264,1.0,0.0,4
3265,1.0,0.0,4
3266,1.0,0.0,4
3267,1.0,0.0,4
3268,1.0,0.0,4
3269,1.0,0.0,4
3270,1.0,0.0,4
3271,1.0,0.0,4
3272,1.0,0.0,4
3273,1.0,0.0,4
3274,1.0,0.0,4
3275,1.0,0.0,4
3276,1.0,0.0,4
3277,1.0,0.0,4
3278,1.0,0.0,4
3279,1.0,0.0,4
3280,1.0,0.0,4
3281,0.0,0.0,4
3282,0.0,0.0,4
3283,0.0,0.0,4
3284,0.0,0.0,4
3285,0.0,0.0,4
3286,0.0,0.0,4
3287,0.0,0.0,4
3288,0.0,0.0,4
3289,0.0,0.0,4
3290,0.0,0.0,4
3291,0.0,0.0,4
3292,0.0,0.0,4
3293,0.0,0.0,4
3294,0.0,0.0,4
3295,0.0,0.0,4
3296,0.0,0.0,4
3297,0.0,0.0,4
3298,0.0,0.0,4
3299,0.0,0.0,4
3300,0.0,0.0,4
3301,0.0,0.0,4
3302,0.0,0.0,4
3303,0.0,0.0,4
3304,0.0,0.0,4
3305,0.0,0.0,4
3306,0.0,0.0,4
3307,0.0,0.0,4
3308,0.0,0.0,4
3309,0.0,0.0,4
3310,0.0,0.0,4
3311,0.0,0.0,4
3312,0.0,0.0,4
3313,0.0,0.0,4
3314,0.0,0.0,4
3315,0.0,0.0,4
3316,0.0,0.0,4
3317,0.0,0.0,4
3318,0.0,0.0,4
3319,0.0,0.0,4
3320,0.0,0.0,4
3321,0.0,0.0,4
3322,0.0,0.0,4
3323,0.0,0.0,4
3324,0.0,0.0,4
3325,0.0,0.0,4
3326,0.0,0.0,4
3327,0.0,0.0,4
3328,0.0,0.0,4
3329,0.0,0.0,4
3330,0.0,0.0,4
3331,0.0,0.0,4
3332,0.0,0.0,4
3333,0.0,0.0,4
3334,0.0,0.0,4
3335,0.0,0.0,4
3336,0.0,0.0,4
3337,0.0,0.0,4
3338,0.0,0.0,4
3339,0.0,0.0,4
3340,0.0,0.0,4
3341,0.0,0.0,4
3342,0.0,0.0,4
3343,0.0,0.0,4
3344,0.0,0.0,4
3345,0.0,0.0,4
3346,0.0,0.0,4
3347,0.0,0.0,4
3348,0.0,0.0,4
3349,0.0,0.0,4
3350,0.0,0.0,4
3351,0.0,0.0,4
3352,0.0,0.0,4
3353,0.0,0.0,4
3354,0.0,0.0,4
3355,0.0,0.0,4
3356,0.0,0.0,4
3357,0.0,0.0,4
3358,0.0,0.0,4
3359,0.0,0.0,4
3360,0.0,0.0,4
3361,0.0,0.0,4
3362,0.0,0.0,4
3363,0.0,0.0,4
3364,0.0,0.0,4
3365,0.0,0.0,4
3366,0.0,0.0,4
3367,0.0,0.0,4
3368,0.0,0.0,4
3369,0.0,0.0,4
3370,0.0,0.0,4
3371,0.0,0.0,4
3372,0.0,0.0,4
3373,0.0,0.0,4
3374,0.0,0.0,4
3375,0.0,0.0,4
3376,0.0,0.0,4
3377,0.0,0.0,4
3378,0.0,0.0,4
3379,0.0,0.0,4
3380,0.0,0.0,4
3381,0.0,0.0,4
3382,0.0,0.0,4
3383,0.0,0.0,4
3384,0.0,0.0,4
3385,0.0,0.0,4
3386,0.0,0.0,4
3387,0.0,0.0,4
3388,0.0,0.0,4
3389,0.0,0.0,4
3390,0.0,0.0,4
3391,0.0,0.0,4
3392,0.0,0.0,4
3393,0.0,0.0,4
3394,0.0,0.0,4
3395,0.0,0.0,4
3396,0.0,0.0,4
3397,0.0,0.0,4
3398,0.0,0.0,4
3399,0.0,0.0,4
3400,0.0,0.0,4
3401,0.0,0.0,4
3402,0.0,0.0,4
3403,0.0,0.0,4
3404,0.0,0.0,4
3405,0.0,0.0,4
3406,0.0,0.0,4
3407,0.0,0.0,4
3408,0.0,0.0,4
3409,0.0,0.0,4
3410,0.0,0.0,4
3411,0.0,0.0,4
3412,0.0,0.0,4
3413,0.0,0.0,4
3414,0.0,0.0,4
3415,0.0,0.0,4
3416,0.0,0.0,4
3417,0.0,0.0,4
3418,0.0,0.0,4
3419,1.0,1.0,4
3420,1.0,1.0,4
3421,1.0,1.0,4
3422,1.0,1.0,4
3423,1.0,1.0,4
3424,1.0,1.0,4
3425,1.0,1.0,4
3426,1.0,1.0,4
3427,1.0,1.0,4
3428,1.0,1.0,4
3429,1.0,1.0,4
3430,1.0,1.0,4
3431,1.0,1.0,4
3432,1.0,1.0,4
3433,1.0,1.0,4
3434,1.0,1.0,4
3435,1.0,1.0,4
3436,1.0,1.0,4
3437,1.0,1.0,4
3438,1.0,1.0,4
3439,1.0,1.0,4
3440,1.0,1.0,4
3441,1.0,1.0,4
3442,1.0,1.0,4
3443,1.0,1.0,4
3444,1.0,1.0,4
3445,1.0,1.0,4
3446,1.0,1.0,4
3447,1.0,1.0,4
3448,1.0,1.0,4
3449,1.0,1.0,4
3450,1.0,1.0,4
3451,1.0,1.0,4
3452,1.0,1.0,4
3453,1.0,1.0,4
3454,1.0,1.0,4
3455,1.0,1.0,4
3456,1.0,1.0,4
3457,1.0,1.0,4
3458,1.0,1.0,4
3459,1.0,1.0,4
3460,1.0,1.0,4
3461,1.0,1.0,4
3462,1.0,1.0,4
3463,1.0,1.0,4
3464,1.0,1.0,4
3465,1.0,1.0,4
3466,1.0,1.0,4
3467,1.0,1.0,4
3468,1.0,1.0,4
3469,1.0,1.0,4
3470,1.0,1.0,4
3471,1.0,1.0,4
3472,1.0,1.0,4
3473,1.0,1.0,4
3474,1.0,1.0,4
3475,1.0,1.0,4
3476,1.0,1.0,4
3477,1.0,1.0,4
3478,1.0,1.0,4
3479,1.0,1.0,4
3480,1.0,1.0,4
3481,1.0,1.0,4
3482,1.0,1.0,4
3483,1.0,1.0,4
3484,1.0,1.0,4
3485,1.0,1.0,4
3486,1.0,1.0,4
3487,1.0,1.0,4
3488,1.0,1.0,4
3489,1.0,1.0,4
3490,1.0,1.0,4
3491,1.0,1.0,4
3492,1.0,1.0,4
3493,1.0,1.0,4
3494,1.0,1.0,4
3495,1.0,1.0,4
3496,1.0,1.0,4
3497,1.0,1.0,4
3498,1.0,1.0,4
3499,1.0,1.0,4
3500,1.0,1.0,4
3501,1.0,1.0,4
3502,1.0,1.0,4
3503,1.0,1.0,4
3504,1.0,1.0,4
3505,1.0,1.0,4
3506,1.0,1.0,4
3507,1.0,1.0,4
3508,1.0,1.0,4
3509,1.0,1.0,4
3510,1.0,1.0,4
3511,1.0,1.0,4
3512,1.0,1.0,4
3513,0.0,1.0,4
3514,0.0,1.0,4
3515,0.0,1.0,4
3516,0.0,1.0,4
3517,0.0,1.0,4
3518,0.0,1.0,4
3519,0.0,1.0,4
3520,0.0,1.0,4
3521,0.0,1.0,4
3522,0.0,1.0,4
3523,0.0,1.0,4
3524,0.0,1.0,4
3525,0.0,1.0,4
3526,0.0,1.0,4
3527,0.0,1.0,4
3528,0.0,1.0,4
3529,0.0,1.0,4
3530,0.0,1.0,4
3531,0.0,1.0,4
3532,0.0,1.0,4
3533,0.0,1.0,4
3534,0.0,1.0,4
3535,0.0,1.0,4
3536,0.0,1.0,4
3537,0.0,1.0,4
3538,0.0,1.0,4
3539,0.0,1.0,4
3540,0.0,1.0,4
3541,0.0,1.0,4
3542,0.0,1.0,4
3543,0.0,1.0,4
3544,0.0,1.0,4
3545,0.0,1.0,4
3546,0.0,1.0,4
3547,0.0,1.0,4
3548,0.0,1.0,4
3549,0.0,1.0,4
3550,0.0,1.0,4
3551,0.0,1.0,4
3552,0.0,1.0,4
3553,0.0,1.0,4
3554,0.0,1.0,4
3555,0.0,1.0,4
3556,0.0,1.0,4
3557,0.0,1.0,4
3558,0.0,1.0,4
3559,0.0,1.0,4
3560,0.0,1.0,4
3561,0.0,1.0,4
3562,0.0,1.0,4
3563,0.0,1.0,4
3564,0.0,1.0,4
3565,0.0,1.0,4
3566,0.0,1.0,4
3567,0.0,1.0,4
3568,0.0,1.0,4
3569,0.0,1.0,4
3570,0.0,1.0,4
3571,0.0,1.0,4
3572,0.0,1.0,4
3573,0.0,1.0,4
3574,0.0,1.0,4
3575,0.0,1.0,4
3576,0.0,1.0,4
3577,0.0,1.0,4
3578,0.0,1.0,4
3579,0.0,1.0,4
3580,0.0,1.0,4
3581,0.0,1.0,4
3582,0.0,1.0,4
3583,0.0,1.0,4
3584,0.0,1.0,4
3585,0.0,1.0,4
3586,0.0,1.0,4
3587,0.0,1.0,4
3588,0.0,1.0,4
3589,0.0,1.0,4
3590,0.0,1.0,4
3591,0.0,1.0,4
3592,0.0,1.0,4
3593,0.0,1.0,4
3594,0.0,1.0,4
3595,0.0,1.0,4
3596,0.0,1.0,4
3597,0.0,1.0,4
3598,0.0,1.0,4
3599,0.0,1.0,4
3600,0.0,1.0,4
3601,0.0,1.0,4
3602,0.0,1.0,4
3603,0.0,1.0,4
3604,0.0,1.0,4
3605,0.0,1.0,4
3606,0.0,1.0,4
3607,0.0,1.0,4
3608,0.0,1.0,4
3609,0.0,1.0,4
3610,0.0,1.0,4
3611,0.0,1.0,4
3612,0.0,1.0,4
3613,0.0,1.0,4
3614,0.0,1.0,4
3615,0.0,1.0,4
3616,0.0,1.0,4
3617,0.0,1.0,4
3618,0.0,1.0,4
3619,0.0,1.0,4
3620,0.0,1.0,4
3621,0.0,1.0,4
3622,0.0,1.0,4
3623,0.0,1.0,4
3624,0.0,1.0,4
3625,0.0,1.0,4
3626,0.0,1.0,4
3627,0.0,1.0,4
3628,0.0,1.0,4
3629,0.0,1.0,4
3630,0.0,1.0,4
3631,0.0,1.0,4
3632,0.0,1.0,4
3633,0.0,1.0,4
3634,0.0,1.0,4
3635,0.0,1.0,4
3636,0.0,1.0,4
3637,0.0,1.0,4
3638,0.0,1.0,4
3639,0.0,1.0,4
3640,0.0,1.0,4
3641,0.0,1.0,4
3642,0.0,1.0,4
3643,0.0,1.0,4
3644,0.0,1.0,4
3645,0.0,1.0,4
3646,0.0,1.0,4
3647,0.0,1.0,4
3648,0.0,1.0,4
3649,0.0,1.0,4
3650,0.0,1.0,4
3651,0.0,1.0,4
3652,0.0,1.0,4
3653,0.0,1.0,4
3654,0.0,1.0,4
3655,0.0,1.0,4
3656,0.0,1.0,4
3657,0.0,1.0,4
3658,0.0,1.0,4
3659,0.0,1.0,4
3660,0.0,1.0,4
3661,0.0,1.0,4
3662,0.0,1.0,4
3663,0.0,1.0,4
3664,0.0,1.0,4
3665,0.0,1.0,4
3666,0.0,1.0,4
3667,0.0,1.0,4
3668,0.0,1.0,4
3669,0.0,1.0,4
3670,0.0,1.0,4
3671,0.0,1.0,4
3672,0.0,1.0,4
3673,0.0,1.0,4
3674,0.0,1.0,4
3675,0.0,1.0,4
3676,0.0,1.0,4
3677,0.0,1.0,4
3678,0.0,1.0,4
3679,0.0,1.0,4
3680,0.0,1.0,4
3681,0.0,1.0,4
3682,0.0,1.0,4
3683,0.0,1.0,4
3684,0.0,1.0,4
3685,0.0,1.0,4
3686,0.0,1.0,4
3687,0.0,1.0,4
3688,0.0,1.0,4
3689,0.0,1.0,4
3690,0.0,1.0,4
3691,0.0,1.0,4
3692,0.0,1.0,4
3693,0.0,1.0,4
3694,0.0,1.0,4
3695,0.0,1.0,4
3696,0.0,1.0,4
3697,0.0,1.0,4
3698,0.0,1.0,4
3699,0.0,1.0,4
3700,0.0,1.0,4
3701,0.0,1.0,4
3702,0.0,1.0,4
3703,0.0,1.0,4
3704,0.0,1.0,4
3705,0.0,1.0,4
3706,0.0,1.0,4
3707,0.0,1.0,4
3708,0.0,1.0,4
3709,0.0,1.0,4
3710,0.0,1.0,4
3711,0.0,1.0,4
3712,0.0,1.0,4
3713,0.0,1.0,4
3714,0.0,1.0,4
3715,0.0,1.0,4
3716,0.0,1.0,4
3717,0.0,1.0,4
3718,0.0,1.0,4
3719,0.0,1.0,4
3720,0.0,1.0,4
3721,0.0,1.0,4
3722,0.0,1.0,4
3723,0.0,1.0,4
3724,0.0,1.0,4
3725,0.0,1.0,4
3726,0.0,1.0,4
3727,0.0,1.0,4
3728,0.0,1.0,4
3729,0.0,1.0,4
3730,0.0,1.0,4
3731,0.0,1.0,4
3732,0.0,1.0,4
3733,0.0,1.0,4
3734,0.0,1.0,4
3735,0.0,1.0,4
3736,0.0,1.0,4
3737,0.0,1.0,4
3738,0.0,1.0,4
3739,0.0,1.0,4
3740,0.0,1.0,4
3741,0.0,1.0,4
3742,0.0,1.0,4
3743,0.0,1.0,4
3744,0.0,1.0,4
3745,0.0,1.0,4
3746,0.0,1.0,4
3747,0.0,1.0,4
3748,0.0,1.0,4
3749,0.0,1.0,4
3750,0.0,1.0,4
3751,0.0,1.0,4
3752,0.0,1.0,4
3753,0.0,1.0,4
3754,0.0,1.0,4
3755,0.0,1.0,4
3756,0.0,1.0,4
3757,0.0,1.0,4
3758,0.0,1.0,4
3759,0.0,1.0,4
3760,0.0,1.0,4
3761,0.0,1.0,4
3762,0.0,1.0,4
3763,0.0,1.0,4
3764,0.0,1.0,4
3765,0.0,1.0,4
3766,0.0,1.0,4
3767,0.0,1.0,4
3768,0.0,1.0,4
3769,0.0,1.0,4
3770,0.0,1.0,4
3771,0.0,1.0,4
3772,0.0,1.0,4
3773,0.0,1.0,4
3774,0.0,1.0,4
3775,0.0,1.0,4
3776,0.0,1.0,4
3777,0.0,1.0,4
3778,0.0,1.0,4
3779,0.0,1.0,4
3780,0.0,1.0,4
3781,0.0,1.0,4
3782,0.0,1.0,4
3783,0.0,1.0,4
3784,0.0,1.0,4
3785,0.0,1.0,4
3786,0.0,1.0,4
3787,0.0,1.0,4
3788,0.0,1.0,4
3789,0.0,1.0,4
3790,0.0,1.0,4
3791,0.0,1.0,4
3792,0.0,1.0,4
3793,0.0,1.0,4
3794,0.0,1.0,4
3795,0.0,1.0,4
3796,0.0,1.0,4
3797,0.0,1.0,4
3798,0.0,1.0,4
3799,0.0,1.0,4
3800,0.0,1.0,4
3801,0.0,1.0,4
3802,0.0,1.0,4
3803,0.0,1.0,4
3804,0.0,1.0,4
3805,0.0,1.0,4
3806,0.0,1.0,4
3807,0.0,1.0,4
3808,0.0,1.0,4
3809,0.0,1.0,4
3810,0.0,1.0,4
3811,0.0,1.0,4
3812,1.0,0.0,5
3813,1.0,0.0,5
3814,1.0,0.0,5
3815,1.0,0.0,5
3816,1.0,0.0,5
3817,1.0,0.0,5
3818,1.0,0.0,5
3819,1.0,0.0,5
3820,1.0,0.0,5
3821,1.0,0.0,5
3822,1.0,0.0,5
3823,1.0,0.0,5
3824,1.0,0.0,5
3825,1.0,0.0,5
3826,1.0,0.0,5
3827,1.0,0.0,5
3828,1.0,0.0,5
3829,1.0,0.0,5
3830,1.0,0.0,5
3831,1.0,0.0,5
3832,1.0,0.0,5
3833,1.0,0.0,5
3834,0.0,0.0,5
3835,0.0,0.0,5
3836,0.0,0.0,5
3837,0.0,0.0,5
3838,0.0,0.0,5
3839,0.0,0.0,5
3840,0.0,0.0,5
3841,0.0,0.0,5
3842,0.0,0.0,5
3843,0.0,0.0,5
3844,0.0,0.0,5
3845,0.0,0.0,5
3846,0.0,0.0,5
3847,0.0,0.0,5
3848,0.0,0.0,5
3849,0.0,0.0,5
3850,0.0,0.0,5
3851,0.0,0.0,5
3852,0.0,0.0,5
3853,0.0,0.0,5
3854,0.0,0.0,5
3855,0.0,0.0,5
3856,0.0,0.0,5
3857,0.0,0.0,5
3858,0.0,0.0,5
3859,0.0,0.0,5
3860,0.0,0.0,5
3861,0.0,0.0,5
3862,0.0,0.0,5
3863,0.0,0.0,5
3864,0.0,0.0,5
3865,0.0,0.0,5
3866,0.0,0.0,5
3867,0.0,0.0,5
3868,0.0,0.0,5
3869,0.0,0.0,5
3870,0.0,0.0,5
3871,0.0,0.0,5
3872,0.0,0.0,5
3873,0.0,0.0,5
3874,0.0,0.0,5
3875,0.0,0.0,5
3876,0.0,0.0,5
3877,0.0,0.0,5
3878,0.0,0.0,5
3879,0.0,0.0,5
3880,0.0,0.0,5
3881,0.0,0.0,5
3882,0.0,0.0,5
3883,0.0,0.0,5
3884,0.0,0.0,5
3885,0.0,0.0,5
3886,0.0,0.0,5
3887,0.0,0.0,5
3888,0.0,0.0,5
3889,0.0,0.0,5
3890,0.0,0.0,5
3891,0.0,0.0,5
3892,0.0,0.0,5
3893,0.0,0.0,5
3894,0.0,0.0,5
3895,0.0,0.0,5
3896,0.0,0.0,5
3897,0.0,0.0,5
3898,0.0,0.0,5
3899,0.0,0.0,5
3900,0.0,0.0,5
3901,0.0,0.0,5
3902,0.0,0.0,5
3903,0.0,0.0,5
3904,0.0,0.0,5
3905,0.0,0.0,5
3906,0.0,0.0,5
3907,0.0,0.0,5
3908,0.0,0.0,5
3909,0.0,0.0,5
3910,0.0,0.0,5
3911,0.0,0.0,5
3912,0.0,0.0,5
3913,0.0,0.0,5
3914,0.0,0.0,5
3915,0.0,0.0,5
3916,0.0,0.0,5
3917,0.0,0.0,5
3918,0.0,0.0,5
3919,0.0,0.0,5
3920,0.0,0.0,5
3921,0.0,0.0,5
3922,0.0,0.0,5
3923,0.0,0.0,5
3924,0.0,0.0,5
3925,0.0,0.0,5
3926,0.0,0.0,5
3927,0.0,0.0,5
3928,0.0,0.0,5
3929,0.0,0.0,5
3930,0.0,0.0,5
3931,0.0,0.0,5
3932,0.0,0.0,5
3933,0.0,0.0,5
3934,0.0,0.0,5
3935,0.0,0.0,5
3936,0.0,0.0,5
3937,0.0,0.0,5
3938,0.0,0.0,5
3939,0.0,0.0,5
3940,0.0,0.0,5
3941,0.0,0.0,5
3942,0.0,0.0,5
3943,0.0,0.0,5
3944,0.0,0.0,5
3945,0.0,0.0,5
3946,0.0,0.0,5
3947,0.0,0.0,5
3948,0.0,0.0,5
3949,0.0,0.0,5
3950,0.0,0.0,5
3951,0.0,0.0,5
3952,0.0,0.0,5
3953,0.0,0.0,5
3954,0.0,0.0,5
3955,0.0,0.0,5
3956,0.0,0.0,5
3957,0.0,0.0,5
3958,0.0,0.0,5
3959,0.0,0.0,5
3960,0.0,0.0,5
3961,0.0,0.0,5
3962,0.0,0.0,5
3963,0.0,0.0,5
3964,0.0,0.0,5
3965,0.0,0.0,5
3966,0.0,0.0,5
3967,0.0,0.0,5
3968,0.0,0.0,5
3969,0.0,0.0,5
3970,0.0,0.0,5
3971,0.0,0.0,5
3972,0.0,0.0,5
3973,0.0,0.0,5
3974,0.0,0.0,5
3975,0.0,0.0,5
3976,0.0,0.0,5
3977,0.0,0.0,5
3978,0.0,0.0,5
3979,0.0,0.0,5
3980,0.0,0.0,5
3981,0.0,0.0,5
3982,0.0,0.0,5
3983,0.0,0.0,5
3984,0.0,0.0,5
3985,0.0,0.0,5
3986,0.0,0.0,5
3987,0.0,0.0,5
3988,0.0,0.0,5
3989,0.0,0.0,5
3990,0.0,0.0,5
3991,0.0,0.0,5
3992,0.0,0.0,5
3993,0.0,0.0,5
3994,0.0,0.0,5
3995,0.0,0.0,5
3996,0.0,0.0,5
3997,0.0,0.0,5
3998,0.0,0.0,5
3999,0.0,0.0,5
4000,0.0,0.0,5
4001,0.0,0.0,5
4002,0.0,0.0,5
4003,0.0,0.0,5
4004,0.0,0.0,5
4005,0.0,0.0,5
4006,0.0,0.0,5
4007,0.0,0.0,5
4008,0.0,0.0,5
4009,0.0,0.0,5
4010,0.0,0.0,5
4011,0.0,0.0,5
4012,0.0,0.0,5
4013,0.0,0.0,5
4014,0.0,0.0,5
4015,0.0,0.0,5
4016,0.0,0.0,5
4017,0.0,0.0,5
4018,0.0,0.0,5
4019,0.0,0.0,5
4020,0.0,0.0,5
4021,0.0,0.0,5
4022,0.0,0.0,5
4023,0.0,0.0,5
4024,0.0,0.0,5
4025,0.0,0.0,5
4026,0.0,0.0,5
4027,0.0,0.0,5
4028,0.0,0.0,5
4029,0.0,0.0,5
4030,0.0,0.0,5
4031,0.0,0.0,5
4032,0.0,0.0,5
4033,0.0,0.0,5
4034,0.0,0.0,5
4035,0.0,0.0,5
4036,0.0,0.0,5
4037,0.0,0.0,5
4038,0.0,0.0,5
4039,0.0,0.0,5
4040,0.0,0.0,5
4041,0.0,0.0,5
4042,0.0,0.0,5
4043,0.0,0.0,5
4044,0.0,0.0,5
4045,0.0,0.0,5
4046,0.0,0.0,5
4047,0.0,0.0,5
4048,0.0,0.0,5
4049,0.0,0.0,5
4050,0.0,0.0,5
4051,0.0,0.0,5
4052,0.0,0.0,5
4053,0.0,0.0,5
4054,0.0,0.0,5
4055,0.0,0.0,5
4056,0.0,0.0,5
4057,0.0,0.0,5
4058,0.0,0.0,5
4059,0.0,0.0,5
4060,0.0,0.0,5
4061,0.0,0.0,5
4062,0.0,0.0,5
4063,0.0,0.0,5
4064,0.0,0.0,5
4065,0.0,0.0,5
4066,0.0,0.0,5
4067,0.0,0.0,5
4068,0.0,0.0,5
4069,0.0,0.0,5
4070,0.0,0.0,5
4071,0.0,0.0,5
4072,0.0,0.0,5
4073,0.0,0.0,5
4074,0.0,0.0,5
4075,0.0,0.0,5
4076,0.0,0.0,5
4077,0.0,0.0,5
4078,0.0,0.0,5
4079,0.0,0.0,5
4080,0.0,0.0,5
4081,0.0,0.0,5
4082,0.0,0.0,5
4083,0.0,0.0,5
4084,0.0,0.0,5
4085,0.0,0.0,5
4086,0.0,0.0,5
4087,0.0,0.0,5
4088,0.0,0.0,5
4089,0.0,0.0,5
4090,0.0,0.0,5
4091,0.0,0.0,5
4092,0.0,0.0,5
4093,0.0,0.0,5
4094,0.0,0.0,5
4095,0.0,0.0,5
4096,0.0,0.0,5
4097,0.0,0.0,5
4098,0.0,0.0,5
4099,0.0,0.0,5
4100,0.0,0.0,5
4101,0.0,0.0,5
4102,0.0,0.0,5
4103,0.0,0.0,5
4104,0.0,0.0,5
4105,0.0,0.0,5
4106,0.0,0.0,5
4107,0.0,0.0,5
4108,0.0,0.0,5
4109,0.0,0.0,5
4110,0.0,0.0,5
4111,0.0,0.0,5
4112,0.0,0.0,5
4113,0.0,0.0,5
4114,0.0,0.0,5
4115,0.0,0.0,5
4116,0.0,0.0,5
4117,0.0,0.0,5
4118,0.0,0.0,5
4119,0.0,0.0,5
4120,0.0,0.0,5
4121,0.0,0.0,5
4122,0.0,0.0,5
4123,0.0,0.0,5
4124,0.0,0.0,5
4125,0.0,0.0,5
4126,0.0,0.0,5
4127,0.0,0.0,5
4128,0.0,0.0,5
4129,0.0,0.0,5
4130,0.0,0.0,5
4131,0.0,0.0,5
4132,0.0,0.0,5
4133,0.0,0.0,5
4134,0.0,0.0,5
4135,0.0,0.0,5
4136,0.0,0.0,5
4137,0.0,0.0,5
4138,0.0,0.0,5
4139,0.0,0.0,5
4140,0.0,0.0,5
4141,0.0,0.0,5
4142,0.0,0.0,5
4143,0.0,0.0,5
4144,0.0,0.0,5
4145,0.0,0.0,5
4146,0.0,0.0,5
4147,0.0,0.0,5
4148,0.0,0.0,5
4149,0.0,0.0,5
4150,0.0,0.0,5
4151,0.0,0.0,5
4152,0.0,0.0,5
4153,0.0,0.0,5
4154,0.0,0.0,5
4155,0.0,0.0,5
4156,0.0,0.0,5
4157,0.0,0.0,5
4158,0.0,0.0,5
4159,0.0,0.0,5
4160,0.0,0.0,5
4161,0.0,0.0,5
4162,0.0,0.0,5
4163,0.0,0.0,5
4164,0.0,0.0,5
4165,0.0,0.0,5
4166,0.0,0.0,5
4167,0.0,0.0,5
4168,0.0,0.0,5
4169,0.0,0.0,5
4170,0.0,0.0,5
4171,0.0,0.0,5
4172,0.0,0.0,5
4173,0.0,0.0,5
4174,0.0,0.0,5
4175,0.0,0.0,5
4176,0.0,0.0,5
4177,0.0,0.0,5
4178,0.0,0.0,5
4179,0.0,0.0,5
4180,0.0,0.0,5
4181,0.0,0.0,5
4182,0.0,0.0,5
4183,0.0,0.0,5
4184,0.0,0.0,5
4185,1.0,1.0,5
4186,1.0,1.0,5
4187,1.0,1.0,5
4188,1.0,1.0,5
4189,1.0,1.0,5
4190,1.0,1.0,5
4191,1.0,1.0,5
4192,1.0,1.0,5
4193,1.0,1.0,5
4194,1.0,1.0,5
4195,1.0,1.0,5
4196,1.0,1.0,5
4197,1.0,1.0,5
4198,1.0,1.0,5
4199,1.0,1.0,5
4200,1.0,1.0,5
4201,1.0,1.0,5
4202,1.0,1.0,5
4203,1.0,1.0,5
4204,1.0,1.0,5
4205,1.0,1.0,5
4206,1.0,1.0,5
4207,1.0,1.0,5
4208,1.0,1.0,5
4209,0.0,1.0,5
4210,0.0,1.0,5
4211,0.0,1.0,5
4212,0.0,1.0,5
4213,0.0,1.0,5
4214,0.0,1.0,5
4215,0.0,1.0,5
4216,0.0,1.0,5
4217,0.0,1.0,5
4218,0.0,1.0,5
4219,0.0,1.0,5
4220,0.0,1.0,5
4221,0.0,1.0,5
4222,0.0,1.0,5
4223,0.0,1.0,5
4224,0.0,1.0,5
4225,0.0,1.0,5
4226,0.0,1.0,5
4227,0.0,1.0,5
4228,0.0,1.0,5
4229,0.0,1.0,5
4230,0.0,1.0,5
4231,0.0,1.0,5
4232,0.0,1.0,5
4233,0.0,1.0,5
4234,0.0,1.0,5
4235,0.0,1.0,5
4236,0.0,1.0,5
4237,0.0,1.0,5
4238,0.0,1.0,5
4239,0.0,1.0,5
4240,0.0,1.0,5
4241,0.0,1.0,5
4242,0.0,1.0,5
4243,0.0,1.0,5
4244,0.0,1.0,5
4245,0.0,1.0,5
4246,0.0,1.0,5
4247,0.0,1.0,5
4248,0.0,1.0,5
4249,0.0,1.0,5
4250,0.0,1.0,5
4251,0.0,1.0,5
4252,0.0,1.0,5
4253,0.0,1.0,5
4254,0.0,1.0,5
4255,0.0,1.0,5
4256,0.0,1.0,5
4257,0.0,1.0,5
4258,0.0,1.0,5
4259,0.0,1.0,5
4260,0.0,1.0,5
4261,0.0,1.0,5
4262,0.0,1.0,5
4263,0.0,1.0,5
4264,0.0,1.0,5
4265,0.0,1.0,5
4266,0.0,1.0,5
4267,0.0,1.0,5
4268,0.0,1.0,5
4269,0.0,1.0,5
4270,0.0,1.0,5
4271,0.0,1.0,5
4272,0.0,1.0,5
4273,0.0,1.0,5
4274,0.0,1.0,5
4275,0.0,1.0,5
4276,0.0,1.0,5
4277,0.0,1.0,5
4278,0.0,1.0,5
4279,0.0,1.0,5
4280,0.0,1.0,5
4281,0.0,1.0,5
4282,0.0,1.0,5
4283,0.0,1.0,5
4284,0.0,1.0,5
4285,0.0,1.0,5
4286,0.0,1.0,5
4287,0.0,1.0,5
4288,0.0,1.0,5
4289,0.0,1.0,5
4290,0.0,1.0,5
4291,0.0,1.0,5
4292,0.0,1.0,5
4293,0.0,1.0,5
4294,0.0,1.0,5
4295,0.0,1.0,5
4296,0.0,1.0,5
4297,0.0,1.0,5
4298,0.0,1.0,5
4299,0.0,1.0,5
4300,0.0,1.0,5
4301,0.0,1.0,5
4302,0.0,1.0,5
4303,0.0,1.0,5
4304,0.0,1.0,5
4305,0.0,1.0,5
4306,0.0,1.0,5
4307,0.0,1.0,5
4308,0.0,1.0,5
4309,0.0,1.0,5
4310,0.0,1.0,5
4311,0.0,1.0,5
4312,0.0,1.0,5
4313,0.0,1.0,5
4314,0.0,1.0,5
4315,0.0,1.0,5
4316,0.0,1.0,5
4317,0.0,1.0,5
4318,0.0,1.0,5
4319,0.0,1.0,5
4320,0.0,1.0,5
4321,0.0,1.0,5
4322,0.0,1.0,5
4323,0.0,1.0,5
4324,0.0,1.0,5
4325,0.0,1.0,5
4326,0.0,1.0,5
4327,0.0,1.0,5
4328,0.0,1.0,5
4329,0.0,1.0,5
4330,0.0,1.0,5
4331,0.0,1.0,5
4332,0.0,1.0,5
4333,0.0,1.0,5
4334,0.0,1.0,5
4335,0.0,1.0,5
4336,0.0,1.0,5
4337,0.0,1.0,5
4338,0.0,1.0,5
4339,0.0,1.0,5
4340,0.0,1.0,5
4341,0.0,1.0,5
4342,0.0,1.0,5
4343,0.0,1.0,5
4344,0.0,1.0,5
4345,0.0,1.0,5
4346,0.0,1.0,5
4347,0.0,1.0,5
4348,0.0,1.0,5
4349,0.0,1.0,5
4350,0.0,1.0,5
4351,0.0,1.0,5
4352,0.0,1.0,5
4353,0.0,1.0,5
4354,0.0,1.0,5
4355,0.0,1.0,5
4356,0.0,1.0,5
4357,0.0,1.0,5
4358,0.0,1.0,5
4359,0.0,1.0,5
4360,0.0,1.0,5
4361,0.0,1.0,5
4362,0.0,1.0,5
4363,0.0,1.0,5
4364,0.0,1.0,5
4365,0.0,1.0,5
4366,0.0,1.0,5
4367,0.0,1.0,5
4368,0.0,1.0,5
4369,0.0,1.0,5
4370,0.0,1.0,5
4371,0.0,1.0,5
4372,0.0,1.0,5
4373,0.0,1.0,5
4374,0.0,1.0,5
4375,0.0,1.0,5
4376,0.0,1.0,5
4377,0.0,1.0,5
4378,0.0,1.0,5
4379,0.0,1.0,5
4380,0.0,1.0,5
4381,0.0,1.0,5
4382,0.0,1.0,5
4383,0.0,1.0,5
4384,0.0,1.0,5
4385,0.0,1.0,5
4386,0.0,1.0,5
4387,0.0,1.0,5
4388,0.0,1.0,5
4389,0.0,1.0,5
4390,0.0,1.0,5
4391,0.0,1.0,5
4392,0.0,1.0,5
4393,0.0,1.0,5
4394,0.0,1.0,5
4395,0.0,1.0,5
4396,0.0,1.0,5
4397,0.0,1.0,5
4398,0.0,1.0,5
4399,0.0,1.0,5
4400,0.0,1.0,5
4401,0.0,1.0,5
4402,0.0,1.0,5
4403,0.0,1.0,5
4404,0.0,1.0,5
4405,0.0,1.0,5
4406,0.0,1.0,5
4407,0.0,1.0,5
4408,0.0,1.0,5
4409,0.0,1.0,5
4410,0.0,1.0,5
4411,0.0,1.0,5
4412,0.0,1.0,5
4413,0.0,1.0,5
4414,0.0,1.0,5
4415,0.0,1.0,5
4416,0.0,1.0,5
4417,0.0,1.0,5
4418,0.0,1.0,5
4419,0.0,1.0,5
4420,0.0,1.0,5
4421,0.0,1.0,5
4422,0.0,1.0,5
4423,0.0,1.0,5
4424,0.0,1.0,5
4425,0.0,1.0,5
4426,0.0,1.0,5
4427,0.0,1.0,5
4428,0.0,1.0,5
4429,0.0,1.0,5
4430,0.0,1.0,5
4431,0.0,1.0,5
4432,0.0,1.0,5
4433,0.0,1.0,5
4434,0.0,1.0,5
4435,0.0,1.0,5
4436,0.0,1.0,5
4437,0.0,1.0,5
4438,0.0,1.0,5
4439,0.0,1.0,5
4440,0.0,1.0,5
4441,0.0,1.0,5
4442,0.0,1.0,5
4443,0.0,1.0,5
4444,0.0,1.0,5
4445,0.0,1.0,5
4446,0.0,1.0,5
4447,0.0,1.0,5
4448,0.0,1.0,5
4449,0.0,1.0,5
4450,0.0,1.0,5
4451,0.0,1.0,5
4452,0.0,1.0,5
4453,0.0,1.0,5
4454,0.0,1.0,5
4455,0.0,1.0,5
4456,0.0,1.0,5
4457,0.0,1.0,5
4458,0.0,1.0,5
4459,0.0,1.0,5
4460,0.0,1.0,5
4461,0.0,1.0,5
4462,0.0,1.0,5
4463,0.0,1.0,5
4464,0.0,1.0,5
4465,0.0,1.0,5
4466,0.0,1.0,5
4467,0.0,1.0,5
4468,0.0,1.0,5
4469,0.0,1.0,5
4470,0.0,1.0,5
4471,0.0,1.0,5
4472,0.0,1.0,5
4473,0.0,1.0,5
4474,0.0,1.0,5
4475,0.0,1.0,5
4476,0.0,1.0,5
4477,0.0,1.0,5
4478,0.0,1.0,5
4479,0.0,1.0,5
4480,0.0,1.0,5
4481,0.0,1.0,5
4482,0.0,1.0,5
4483,0.0,1.0,5
4484,0.0,1.0,5
4485,0.0,1.0,5
4486,0.0,1.0,5
4487,0.0,1.0,5
4488,0.0,1.0,5
4489,0.0,1.0,5
4490,0.0,1.0,5
4491,0.0,1.0,5
4492,0.0,1.0,5
4493,0.0,1.0,5
4494,0.0,1.0,5
4495,0.0,1.0,5
4496,0.0,1.0,5
4497,0.0,1.0,5
4498,0.0,1.0,5
4499,0.0,1.0,5
4500,0.0,1.0,5
4501,0.0,1.0,5
4502,0.0,1.0,5
4503,0.0,1.0,5
4504,0.0,1.0,5
4505,0.0,1.0,5
4506,0.0,1.0,5
4507,0.0,1.0,5
4508,0.0,1.0,5
4509,0.0,1.0,5
4510,0.0,1.0,5
4511,0.0,1.0,5
4512,0.0,1.0,5
4513,0.0,1.0,5
4514,0.0,1.0,5
4515,0.0,1.0,5
4516,0.0,1.0,5
4517,0.0,1.0,5
4518,0.0,1.0,5
4519,0.0,1.0,5
4520,0.0,1.0,5
4521,0.0,1.0,5
4522,0.0,1.0,5
4523,0.0,1.0,5
4524,0.0,1.0,5
4525,0.0,1.0,5
